unitid,inst_name,state_abbr,institution_level,inst_size
100654,Alabama A & M University,AL,4,3
100663,University of Alabama at Birmingham,AL,4,5
100706,University of Alabama in Huntsville,AL,4,3
100724,Alabama State University,AL,4,2
100733,University of Alabama System Office,AL,4,-2
100751,The University of Alabama,AL,4,5
100760,Central Alabama Community College,AL,2,2
100812,Athens State University,AL,4,2
100830,Auburn University at Montgomery,AL,4,3
100858,Auburn University,AL,4,5
101028,Chattahoochee Valley Community College,AL,2,2
101143,Enterprise State Community College,AL,2,2
101161,Coastal Alabama Community College,AL,2,3
101240,Gadsden State Community College,AL,2,2
101286,George C Wallace Community College-Dothan,AL,2,2
101295,George C Wallace State Community College-Hanceville,AL,2,3
101301,George C Wallace State Community College-Selma,AL,2,2
101462,J. F. Drake State Community and Technical College,AL,2,1
101471,J F Ingram State Technical College,AL,2,1
101480,Jacksonville State University,AL,4,3
101505,Jefferson State Community College,AL,2,3
101514,John C Calhoun State Community College,AL,2,3
101569,Lawson State Community College,AL,2,2
101587,University of West Alabama,AL,4,3
101602,Lurleen B Wallace Community College,AL,2,2
101648,Marion Military Institute,AL,2,1
101709,University of Montevallo,AL,4,2
101736,Northwest-Shoals Community College,AL,2,2
101879,University of North Alabama,AL,4,3
101897,Northeast Alabama Community College,AL,2,2
101994,Reid State Technical College,AL,2,1
102030,Bishop State Community College,AL,2,2
102067,Shelton State Community College,AL,2,2
102076,Snead State Community College,AL,2,2
102094,University of South Alabama,AL,4,4
102313,H Councill Trenholm State Community College,AL,2,2
102368,Troy University,AL,4,4
102429,Bevill State Community College,AL,2,2
102553,University of Alaska Anchorage,AK,4,4
102614,University of Alaska Fairbanks,AK,4,3
102632,University of Alaska Southeast,AK,4,2
102711,Alaska Vocational Technical Center,AK,1,1
103529,University of Alaska System of Higher Education,AK,4,-2
104151,Arizona State University Campus Immersion,AZ,4,5
104160,Arizona Western College,AZ,2,3
104179,University of Arizona,AZ,4,5
104346,Central Arizona College,AZ,2,2
104425,Cochise County Community College District,AZ,2,2
104577,Eastern Arizona College,AZ,2,2
104708,Glendale Community College,AZ,2,4
105136,Maricopa Community College System Office,AZ,2,-2
105145,GateWay Community College,AZ,2,2
105154,Mesa Community College,AZ,2,4
105206,Mohave Community College,AZ,2,2
105297,Dine College,AZ,4,2
105330,Northern Arizona University,AZ,4,5
105349,Northland Pioneer College,AZ,2,2
105428,Phoenix College,AZ,2,3
105525,Pima Community College,AZ,2,4
105668,Rio Salado College,AZ,2,4
105747,Scottsdale Community College,AZ,2,3
105792,South Mountain Community College,AZ,2,2
106148,Yavapai College,AZ,2,3
106245,University of Arkansas at Little Rock,AR,4,3
106263,University of Arkansas for Medical Sciences,AR,4,2
106397,University of Arkansas,AR,4,5
106412,University of Arkansas at Pine Bluff,AR,4,2
106449,Arkansas State University-Beebe,AR,2,2
106458,Arkansas State University,AR,4,4
106467,Arkansas Tech University,AR,4,3
106485,University of Arkansas at Monticello,AR,4,2
106625,Black River Technical College,AR,2,2
106704,University of Central Arkansas,AR,4,4
106795,Cossatot Community College of the University of Arkansas,AR,2,2
106883,East Arkansas Community College,AR,2,2
106980,National Park College,AR,2,2
106999,University of Arkansas Community College-Batesville,AR,2,2
107071,Henderson State University,AR,4,2
107318,Arkansas State University Mid-South,AR,2,2
107327,Arkansas Northeastern College,AR,2,2
107460,North Arkansas College,AR,2,2
107488,Northwest Technical Institute,AR,1,1
107521,Arkansas State University Three Rivers,AR,2,2
107549,Ozarka College,AR,2,2
107585,University of Arkansas Community College-Morrilton,AR,2,2
107619,Phillips Community College of the University of Arkansas,AR,2,2
107637,Southeast Arkansas College,AR,2,1
107664,University of Arkansas-Pulaski Technical College,AR,2,2
107725,University of Arkansas Hope-Texarkana,AR,2,2
107743,University of Arkansas Community College Rich Mountain,AR,2,1
107974,South Arkansas Community College,AR,2,2
107983,Southern Arkansas University Main Campus,AR,4,2
107992,Southern Arkansas University Tech,AR,2,1
108056,University of Arkansas System Office,AR,4,-2
108092,University of Arkansas-Fort Smith,AR,4,3
108667,College of Alameda,CA,2,2
108807,Allan Hancock College,CA,2,3
109208,American River College,CA,2,5
109350,Antelope Valley Community College District,CA,4,4
109819,Bakersfield College,CA,4,5
109907,Barstow Community College,CA,2,2
110246,Butte College,CA,2,3
110334,Cabrillo College,CA,2,3
110398,University of California-Hastings College of Law,CA,4,2
110422,California Polytechnic State University-San Luis Obispo,CA,4,5
110486,California State University-Bakersfield,CA,4,4
110495,California State University-Stanislaus,CA,4,4
110501,California State University-Chancellors Office,CA,4,-2
110510,California State University-San Bernardino,CA,4,4
110529,California State Polytechnic University-Pomona,CA,4,5
110538,California State University-Chico,CA,4,4
110547,California State University-Dominguez Hills,CA,4,4
110556,California State University-Fresno,CA,4,5
110565,California State University-Fullerton,CA,4,5
110574,California State University-East Bay,CA,4,4
110583,California State University-Long Beach,CA,4,5
110592,California State University-Los Angeles,CA,4,5
110608,California State University-Northridge,CA,4,5
110617,California State University-Sacramento,CA,4,5
110635,University of California-Berkeley,CA,4,5
110644,University of California-Davis,CA,4,5
110653,University of California-Irvine,CA,4,5
110662,University of California-Los Angeles,CA,4,5
110671,University of California-Riverside,CA,4,5
110680,University of California-San Diego,CA,4,5
110699,University of California-San Francisco,CA,4,2
110705,University of California-Santa Barbara,CA,4,5
110714,University of California-Santa Cruz,CA,4,4
111188,California State University Maritime Academy,CA,4,1
111434,Canada College,CA,2,2
111461,College of the Canyons,CA,2,4
111887,Cerritos College,CA,2,4
111896,Cerro Coso Community College,CA,2,2
111920,Chabot College,CA,2,4
111939,Chaffey College,CA,2,4
112172,Citrus College,CA,2,3
112190,City College of San Francisco,CA,2,4
112367,Clovis Adult Education,CA,1,1
112376,Coast Community College District Office,CA,2,-2
112385,Coastline Community College,CA,2,3
112561,Columbia College,CA,2,2
112686,Compton College,CA,2,2
112817,Contra Costa Community College District Office,CA,2,-2
112826,Contra Costa College,CA,2,3
113096,Cosumnes River College,CA,2,4
113111,Crafton Hills College,CA,2,3
113193,Cuesta College,CA,2,3
113218,Cuyamaca College,CA,2,3
113236,Cypress College,CA,4,4
113333,De Anza College,CA,2,4
113573,College of the Desert,CA,2,4
113634,Diablo Valley College,CA,2,4
113856,East Los Angeles College,CA,2,5
113980,El Camino Community College District,CA,2,4
114266,Evergreen Valley College,CA,2,3
114433,Feather River Community College District,CA,4,2
114716,Foothill College,CA,4,4
114789,Fresno City College,CA,2,5
114831,Foothill-De Anza Community College District,CA,4,-2
114859,Fullerton College,CA,2,4
114938,Gavilan College,CA,2,2
115001,Glendale Community College,CA,2,4
115126,Golden West College,CA,2,4
115287,Grossmont-Cuyamaca Community College District,CA,2,-2
115296,Grossmont College,CA,2,4
115393,Hartnell College,CA,2,3
115755,California State Polytechnic University-Humboldt,CA,4,3
115861,Imperial Valley College,CA,2,3
116439,Irvine Valley College,CA,2,4
117052,Reedley College,CA,2,3
117195,Lake Tahoe Community College,CA,2,2
117247,Laney College,CA,2,3
117274,Lassen Community College,CA,2,2
117645,Long Beach City College,CA,2,5
117681,Los Angeles Community College District Office,CA,4,-2
117690,Los Angeles Harbor College,CA,2,3
117706,Los Angeles Pierce College,CA,2,4
117715,Los Angeles Southwest College,CA,2,2
117724,Los Angeles Trade Technical College,CA,2,3
117733,Los Angeles Valley College,CA,2,4
117788,Los Angeles City College,CA,2,4
117803,Los Angeles County College of Nursing and Allied Health,CA,2,1
117867,Los Angeles Mission College,CA,2,3
117894,Los Medanos College,CA,2,3
117900,Los Rios Community College District Office,CA,2,-2
118347,College of Marin,CA,2,2
118684,Mendocino College,CA,2,2
118718,Merced College,CA,2,3
118772,Merritt College,CA,2,3
118912,MiraCosta College,CA,4,4
118930,Mission College,CA,2,3
118976,Modesto Junior College,CA,4,4
119067,Monterey Peninsula College,CA,2,3
119137,Moorpark College,CA,2,4
119164,Mt San Antonio College,CA,2,5
119216,Mt San Jacinto Community College District,CA,2,4
119331,Napa Valley College,CA,2,2
119678,Naval Postgraduate School,CA,4,2
120023,North Orange County Community College District,CA,4,-2
120290,Ohlone College,CA,2,3
120342,Orange Coast College,CA,2,4
120421,Oxnard College,CA,2,3
120953,Palo Verde College,CA,2,2
120971,Palomar College,CA,2,4
121044,Pasadena City College,CA,2,5
121178,Peralta Community College System Office,CA,2,-2
121363,Porterville College,CA,2,2
121619,Santa Ana College,CA,4,5
121707,College of the Redwoods,CA,2,2
121886,Rio Hondo College,CA,4,4
121901,Riverside City College,CA,2,4
122180,Sacramento City College,CA,2,4
122205,Saddleback College,CA,2,4
122320,San Diego Community College District-District Office,CA,4,-2
122339,San Diego City College,CA,2,4
122375,San Diego Mesa College,CA,4,4
122384,San Diego Miramar College,CA,2,4
122409,San Diego State University,CA,4,5
122597,San Francisco State University,CA,4,5
122658,San Joaquin Delta College,CA,2,4
122737,San Jose-Evergreen Community College District,CA,2,-2
122746,San Jose City College,CA,2,3
122755,San Jose State University,CA,4,5
122782,San Mateo County Community College District Office,CA,4,-2
122791,College of San Mateo,CA,2,3
122889,Santa Barbara City College,CA,2,4
122977,Santa Monica College,CA,4,5
123013,Santa Rosa Junior College,CA,2,4
123217,College of the Sequoias,CA,2,4
123299,Shasta College,CA,4,3
123341,Sierra College,CA,2,4
123484,College of the Siskiyous,CA,2,2
123493,Charles A Jones Career and Education Center,CA,1,1
123509,Skyline College,CA,4,3
123527,San Bernardino Valley College,CA,2,3
123563,Solano Community College,CA,4,3
123572,Sonoma State University,CA,4,3
123800,Southwestern College,CA,2,4
123925,State Center Community College District,CA,2,-2
124113,Taft College,CA,2,2
124557,University of California-System Administration Central Office,CA,4,-2
125019,Ventura County Community College System Office,CA,2,-2
125028,Ventura College,CA,2,4
125091,Victor Valley College,CA,2,3
125170,Berkeley City College,CA,2,3
125222,West Valley Mission Community College District Office,CA,2,-2
125462,West Hills College-Coalinga,CA,2,2
125471,West Los Angeles College,CA,4,3
125499,West Valley College,CA,2,3
126100,Yosemite Community College District Office,CA,4,-2
126119,Yuba College,CA,2,3
126182,Adams State University,CO,4,2
126207,Aims Community College,CO,2,3
126289,Arapahoe Community College,CO,4,4
126562,University of Colorado Denver/Anschutz Medical Campus,CO,4,5
126580,University of Colorado Colorado Springs,CO,4,4
126614,University of Colorado Boulder,CO,4,5
126711,Colorado Mountain College,CO,4,3
126748,Colorado Northwestern Community College,CO,2,2
126775,Colorado School of Mines,CO,4,3
126818,Colorado State University-Fort Collins,CO,4,5
126863,Community College of Aurora,CO,2,3
126915,Technical College of the Rockies,CO,1,1
126942,Community College of Denver,CO,4,3
127158,Emily Griffith Technical College,CO,1,3
127185,Fort Lewis College,CO,4,2
127200,Front Range Community College,CO,4,4
127389,Lamar Community College,CO,2,1
127556,Colorado Mesa University,CO,4,3
127565,Metropolitan State University of Denver,CO,4,4
127617,Morgan Community College,CO,4,2
127732,Northeastern Junior College,CO,2,2
127741,University of Northern Colorado,CO,4,4
127778,Otero Junior College,CO,2,2
127820,Pikes Peak Community College,CO,4,4
127884,Pueblo Community College,CO,4,3
127909,Red Rocks Community College,CO,4,3
128106,Colorado State University Pueblo,CO,4,3
128151,Pickens Technical College,CO,2,1
128258,Trinidad State College,CO,4,2
128300,University of Colorado System Office,CO,4,-2
128328,United States Air Force Academy,CO,4,2
128391,Western Colorado University,CO,4,2
128577,Asnuntuck Community College,CT,2,2
128771,Central Connecticut State University,CT,4,3
128780,Charter Oak State College,CT,4,2
129020,University of Connecticut,CT,4,5
129215,Eastern Connecticut State University,CT,4,2
129367,Capital Community College,CT,2,2
129543,Housatonic Community College,CT,2,2
129695,Manchester Community College,CT,2,2
129729,Naugatuck Valley Community College,CT,2,2
129756,Middlesex Community College,CT,2,2
129808,Three Rivers Community College,CT,2,2
130004,Norwalk Community College,CT,2,2
130040,Northwestern Connecticut Community College,CT,2,2
130217,Quinebaug Valley Community College,CT,2,2
130396,Gateway Community College,CT,2,3
130493,Southern Connecticut State University,CT,4,3
130606,Tunxis Community College,CT,2,2
130624,United States Coast Guard Academy,CT,4,2
130776,Western Connecticut State University,CT,4,2
130882,Delaware Technical Community College-Central Office,DE,4,-2
130907,Delaware Technical Community College-Terry,DE,4,4
130934,Delaware State University,DE,4,3
130943,University of Delaware,DE,4,5
131399,University of the District of Columbia,DC,4,2
132374,Atlantic Technical College,FL,2,2
132675,North Florida Technical College,FL,1,1
132693,Eastern Florida State College,FL,4,4
132709,Broward College,FL,4,5
132851,College of Central Florida,FL,4,3
132903,University of Central Florida,FL,4,5
132976,Charlotte Technical College,FL,1,1
133021,Chipola College,FL,4,2
133155,Lorenzo Walker Technical College,FL,1,1
133386,Daytona State College,FL,4,4
133508,Florida SouthWestern State College,FL,4,4
133650,Florida Agricultural and Mechanical University,FL,4,3
133669,Florida Atlantic University,FL,4,5
133702,Florida State College at Jacksonville,FL,4,5
133951,Florida International University,FL,4,5
133960,The College of the Florida Keys,FL,4,1
134097,Florida State University,FL,4,5
134130,University of Florida,FL,4,5
134291,George Stone Technical College,FL,2,1
134307,George T Baker Aviation Technical College,FL,1,1
134343,Gulf Coast State College,FL,4,2
134495,Hillsborough Community College,FL,2,4
134608,Indian River State College,FL,4,4
135160,Florida Gateway College,FL,4,2
135179,Lake Technical College,FL,1,1
135188,Lake-Sumter State College,FL,4,2
135267,Fort Myers Technical College,FL,2,1
135276,Lively Technical College,FL,1,2
135294,Lindsey Hopkins Technical College,FL,2,1
135391,State College of Florida-Manatee-Sarasota,FL,4,3
135407,Manatee Technical College,FL,2,2
135522,Traviss Technical College,FL,1,1
135647,Miami Lakes Educational Center and Technical College,FL,2,1
135717,Miami Dade College,FL,4,5
135735,Orange Technical College-Mid Florida Campus,FL,2,2
136145,North Florida College,FL,4,2
136172,University of North Florida,FL,4,4
136233,Northwest Florida State College,FL,4,2
136303,Orange Technical College-Orlando Campus,FL,1,1
136358,Palm Beach State College,FL,4,5
136400,Pasco-Hernando State College,FL,4,3
136473,Pensacola State College,FL,4,3
136491,Pinellas Technical College-Clearwater,FL,1,1
136516,Polk State College,FL,4,3
136659,Radford M Locklin Technical College,FL,2,1
136765,Ridge Technical College,FL,1,1
136826,Robert Morgan Educational Center and Technical College,FL,2,1
137023,First Coast Technical College,FL,1,1
137078,St Petersburg College,FL,4,5
137087,Pinellas Technical College-St. Petersburg,FL,2,1
137096,Santa Fe College,FL,4,4
137120,Suncoast Technical College,FL,2,2
137209,Seminole State College of Florida,FL,4,4
137245,Sheridan Technical College,FL,2,2
137281,Saint Johns River State College,FL,4,3
137315,South Florida State College,FL,4,2
137351,University of South Florida,FL,4,5
137713,Riveroak Technical College,FL,2,1
137759,Tallahassee Community College,FL,4,4
137856,Big Bend Technical College,FL,1,1
137865,Tom P. Haney Technical College,FL,1,1
138187,Valencia College,FL,4,5
138284,Florida Panhandle Technical College,FL,1,1
138354,The University of West Florida,FL,4,4
138372,Orange Technical College-Westside Campus,FL,2,2
138479,William T McFatter Technical College,FL,2,1
138488,Orange Technical College-Winter Park Campus,FL,2,1
138497,Withlacoochee Technical College,FL,2,1
138558,Abraham Baldwin Agricultural College,GA,4,2
138682,Albany Technical College,GA,2,2
138716,Albany State University,GA,4,3
138840,Atlanta Technical College,GA,2,2
138901,Atlanta Metropolitan State College,GA,4,2
138956,Augusta Technical College,GA,2,2
139250,College of Coastal Georgia,GA,4,2
139278,West Georgia Technical College,GA,2,3
139311,Clayton  State University,GA,4,3
139357,Columbus Technical College,GA,2,2
139366,Columbus State University,GA,4,3
139384,Georgia Northwestern Technical College,GA,2,3
139463,Dalton State College,GA,4,2
139621,East Georgia State College,GA,4,2
139700,Georgia Highlands College,GA,4,3
139719,Fort Valley State University,GA,4,2
139746,Grady Health System Professional Schools,GA,2,1
139755,Georgia Institute of Technology-Main Campus,GA,4,5
139764,Georgia Southwestern State University,GA,4,2
139861,Georgia College & State University,GA,4,3
139931,Georgia Southern University,GA,4,5
139940,Georgia State University,GA,4,5
139959,University of Georgia,GA,4,5
139968,Gordon State College,GA,4,2
139986,Southern Crescent Technical College,GA,2,2
140012,Gwinnett Technical College,GA,2,3
140243,Lanier Technical College,GA,2,3
140331,Chattahoochee Technical College,GA,2,3
140678,North Georgia Technical College,GA,2,2
140942,Savannah Technical College,GA,2,2
140960,Savannah State University,GA,4,2
141006,South Georgia Technical College,GA,2,2
141255,Wiregrass Georgia Technical College,GA,2,2
141264,Valdosta State University,GA,4,4
141334,University of West Georgia,GA,4,4
141565,University of Hawaii at Hilo,HI,4,2
141574,University of Hawaii at Manoa,HI,4,4
141680,Honolulu Community College,HI,2,2
141796,Kapiolani Community College,HI,2,3
141802,Kauai Community College,HI,2,2
141811,Leeward Community College,HI,2,3
141839,University of Hawaii Maui College,HI,4,2
141963,University of Hawaii System Office,HI,4,-2
141981,University of Hawaii-West Oahu,HI,4,2
141990,Windward Community College,HI,2,2
142115,Boise State University,ID,4,5
142179,College of Eastern Idaho,ID,2,2
142276,Idaho State University,ID,4,4
142285,University of Idaho,ID,4,4
142328,Lewis-Clark State College,ID,4,2
142443,North Idaho College,ID,2,2
142559,College of Southern Idaho,ID,4,3
143215,Southwestern Illinois College,IL,2,3
143279,Black Hawk College,IL,2,2
143613,Carl Sandburg College,IL,2,2
144005,Chicago State University,IL,4,2
144157,City Colleges of Chicago-Kennedy-King College,IL,2,2
144166,City Colleges of Chicago-Malcolm X College,IL,2,3
144175,City Colleges of Chicago-Olive-Harvey College,IL,2,2
144184,City Colleges of Chicago-Harry S Truman College,IL,2,2
144193,City Colleges of Chicago-Richard J Daley College,IL,2,2
144209,City Colleges of Chicago-Harold Washington College,IL,2,3
144218,City Colleges of Chicago-Wilbur Wright College,IL,2,3
144500,City Colleges of Chicago-District Office,IL,2,-2
144564,Danville Area Community College,IL,2,2
144865,College of DuPage,IL,2,5
144892,Eastern Illinois University,IL,4,3
144944,Elgin Community College,IL,2,3
145336,Governors State University,IL,4,2
145521,Highland Community College,IL,2,2
145600,University of Illinois Chicago,IL,4,5
145637,University of Illinois Urbana-Champaign,IL,4,5
145682,Illinois Central College,IL,2,3
145707,Olney Central College,IL,2,1
145813,Illinois State University,IL,4,5
145831,Illinois Valley Community College,IL,2,2
146205,John A Logan College,IL,2,2
146278,John Wood Community College,IL,2,2
146296,Joliet Junior College,IL,2,4
146348,Kankakee Community College,IL,2,2
146366,Kaskaskia College,IL,2,2
146418,Kishwaukee College,IL,2,2
146472,College of Lake County,IL,2,4
146506,Lake Land College,IL,2,2
146603,Lewis and Clark Community College,IL,2,2
146685,Lincoln Land Community College,IL,2,2
147004,McHenry County College,IL,2,3
147378,Moraine Valley Community College,IL,2,4
147411,Morton College,IL,2,2
147703,Northern Illinois University,IL,4,4
147776,Northeastern Illinois University,IL,4,3
147800,Oakton Community College,IL,2,3
147916,Parkland College,IL,2,3
148007,Prairie State College,IL,2,2
148256,Rend Lake College,IL,2,2
148292,Richland Community College,IL,2,2
148380,Rock Valley College,IL,2,3
148654,University of Illinois Springfield,IL,4,2
148672,Sauk Valley Community College,IL,2,2
148821,Shawnee Community College,IL,2,2
148937,Southeastern Illinois College,IL,2,2
148991,Spoon River College,IL,2,2
149222,Southern Illinois University-Carbondale,IL,4,4
149231,Southern Illinois University-Edwardsville,IL,4,4
149240,Southern Illinois University-System Office,IL,4,-2
149365,South Suburban College,IL,2,2
149532,Triton College,IL,2,3
149587,University of Illinois System Offices,IL,4,-2
149727,Waubonsee Community College,IL,2,3
149772,Western Illinois University,IL,4,3
149842,William Rainey Harper College,IL,2,4
150136,Ball State University,IN,4,5
150987,Ivy Tech Community College,IN,2,5
151102,Purdue University Fort Wayne,IN,4,3
151111,Indiana University-Purdue University-Indianapolis,IN,4,5
151306,University of Southern Indiana,IN,4,3
151324,Indiana State University,IN,4,3
151333,Indiana University-Kokomo,IN,4,2
151342,Indiana University-South Bend,IN,4,2
151351,Indiana University-Bloomington,IN,4,5
151360,Indiana University-Northwest,IN,4,2
151379,Indiana University-Southeast,IN,4,2
151388,Indiana University-East,IN,4,2
152637,Vincennes University,IN,4,4
153214,Des Moines Area Community College,IA,2,5
153296,Ellsworth Community College,IA,2,1
153311,Eastern Iowa Community College District,IA,2,3
153445,Hawkeye Community College,IA,2,3
153472,Indian Hills Community College,IA,2,2
153524,Iowa Central Community College,IA,2,3
153533,Iowa Lakes Community College,IA,2,2
153603,Iowa State University,IA,4,5
153630,Iowa Western Community College,IA,2,3
153658,University of Iowa,IA,4,5
153737,Kirkwood Community College,IA,2,4
153922,Marshalltown Community College,IA,2,2
154059,North Iowa Area Community College,IA,2,2
154095,University of Northern Iowa,IA,4,3
154110,Northeast Iowa Community College,IA,2,2
154129,Northwest Iowa Community College,IA,2,2
154378,Southeastern Community College,IA,2,2
154396,Southwestern Community College,IA,2,2
154572,Western Iowa Tech Community College,IA,2,3
154642,Allen County Community College,KS,2,2
154697,Barton County Community College,KS,2,2
154800,Butler Community College,KS,2,3
154907,Cloud County Community College,KS,2,2
154925,Coffeyville Community College,KS,2,2
154934,Colby Community College,KS,2,2
154952,Cowley County Community College,KS,2,2
154998,Dodge City Community College,KS,2,2
155025,Emporia State University,KS,4,3
155052,Flint Hills Technical College,KS,2,2
155061,Fort Hays State University,KS,4,4
155098,Fort Scott Community College,KS,2,2
155104,Garden City Community College,KS,2,2
155140,Haskell Indian Nations University,KS,4,1
155186,Highland Community College,KS,2,2
155195,Hutchinson Community College,KS,2,3
155201,Independence Community College,KS,2,1
155210,Johnson County Community College,KS,2,4
155292,Kansas City Kansas Community College,KS,2,2
155317,University of Kansas,KS,4,5
155399,Kansas State University,KS,4,5
155423,Washburn Institute of Technology,KS,1,2
155450,Labette Community College,KS,2,2
155487,Manhattan Area Technical College,KS,2,1
155566,Neosho County Community College,KS,2,2
155593,North Central Kansas Technical College,KS,2,1
155618,Northwest Kansas Technical College,KS,2,1
155681,Pittsburg State University,KS,4,3
155715,Pratt Community College,KS,2,2
155830,Salina Area Technical College,KS,2,1
155858,Seward County Community College,KS,2,2
156082,Washburn University,KS,4,3
156107,Wichita State University-Campus of Applied Sciences and Technology,KS,2,2
156125,Wichita State University,KS,4,4
156231,Ashland Community and Technical College,KY,2,2
156338,Southcentral Kentucky Community and Technical College,KY,2,2
156392,Bluegrass Community and Technical College,KY,2,3
156620,Eastern Kentucky University,KY,4,4
156648,Elizabethtown Community and Technical College,KY,2,3
156790,Hazard Community and Technical College,KY,2,2
156851,Henderson Community College,KY,2,2
156860,Hopkinsville Community College,KY,2,2
156921,Jefferson Community and Technical College,KY,2,4
157058,Kentucky State University,KY,4,2
157085,University of Kentucky,KY,4,5
157289,University of Louisville,KY,4,5
157304,Madisonville Community College,KY,2,2
157331,Maysville Community and Technical College,KY,2,2
157386,Morehead State University,KY,4,3
157401,Murray State University,KY,4,3
157438,Gateway Community and Technical College,KY,2,2
157447,Northern Kentucky University,KY,4,4
157483,West Kentucky Community and Technical College,KY,2,2
157553,Big Sandy Community and Technical College,KY,2,2
157711,Somerset Community College,KY,2,3
157739,Southeast Kentucky Community & Technical College,KY,2,2
157854,Kentucky Community and Technical College System,KY,2,-2
157951,Western Kentucky University,KY,4,4
158088,Central Louisiana Technical Community College,LA,2,2
158431,Bossier Parish Community College,LA,2,3
158662,Delgado Community College,LA,2,4
158884,Nunez Community College,LA,2,2
159009,Grambling State University,LA,4,3
159373,Louisiana State University Health Sciences Center-New Orleans,LA,4,2
159382,Louisiana State University-Alexandria,LA,4,2
159391,Louisiana State University and Agricultural & Mechanical College,LA,4,5
159407,Louisiana State University-Eunice,LA,2,2
159416,Louisiana State University-Shreveport,LA,4,3
159647,Louisiana Tech University,LA,4,4
159717,McNeese State University,LA,4,3
159939,University of New Orleans,LA,4,3
159966,Nicholls State University,LA,4,3
159993,University of Louisiana at Monroe,LA,4,3
160010,Northwest Louisiana Technical Community College,LA,2,1
160038,Northwestern State University of Louisiana,LA,4,4
160481,Fletcher Technical Community College,LA,2,2
160533,Southern University-Board and System,LA,4,-2
160579,SOWELA Technical Community College,LA,2,2
160612,Southeastern Louisiana University,LA,4,4
160621,Southern University and A & M College,LA,4,3
160630,Southern University at New Orleans,LA,4,2
160649,Southern University at Shreveport,LA,2,2
160658,University of Louisiana at Lafayette,LA,4,4
160667,Northshore Technical Community College,LA,2,2
161077,Central Maine Community College,ME,2,2
161138,Eastern Maine Community College,ME,2,2
161192,Kennebec Valley Community College,ME,2,2
161217,University of Maine at Augusta,ME,4,2
161226,University of Maine at Farmington,ME,4,2
161235,University of Maine at Fort Kent,ME,4,2
161244,University of Maine at Machias,ME,4,-2
161253,University of Maine,ME,4,4
161280,University of Maine-System Central Office,ME,4,-2
161299,Maine Maritime Academy,ME,4,1
161341,University of Maine at Presque Isle,ME,4,2
161484,Northern Maine Community College,ME,2,1
161545,Southern Maine Community College,ME,2,3
161554,University of Southern Maine,ME,4,3
161581,Washington County Community College,ME,2,1
161688,Allegany College of Maryland,MD,2,2
161767,Anne Arundel Community College,MD,2,4
161864,Baltimore City Community College,MD,2,2
161873,University of Baltimore,MD,4,2
162007,Bowie State University,MD,4,3
162104,Cecil College,MD,2,2
162122,College of Southern Maryland,MD,2,3
162168,Chesapeake College,MD,2,2
162283,Coppin State University,MD,4,2
162557,Frederick Community College,MD,2,3
162584,Frostburg State University,MD,4,2
162609,Garrett College,MD,2,1
162690,Hagerstown Community College,MD,2,2
162706,Harford Community College,MD,2,2
162779,Howard Community College,MD,2,3
163204,University of Maryland Global Campus,MD,4,5
163259,"University of Maryland, Baltimore",MD,4,3
163268,University of Maryland-Baltimore County,MD,4,4
163286,University of Maryland-College Park,MD,4,5
163338,University of Maryland Eastern Shore,MD,4,2
163426,Montgomery College,MD,2,4
163453,Morgan State University,MD,4,3
163657,Prince George's Community College,MD,2,4
163851,Salisbury University,MD,4,3
163912,St. Mary's College of Maryland,MD,4,2
164076,Towson University,MD,4,5
164146,University System of Maryland,MD,4,-2
164155,United States Naval Academy,MD,4,2
164313,Wor-Wic Community College,MD,2,2
164535,Assabet Valley Regional Technical School,MA,1,1
164775,Berkshire Community College,MA,2,2
165024,Bridgewater State University,MA,4,3
165033,Bristol Community College,MA,2,3
165112,Bunker Hill Community College,MA,2,3
165194,Cape Cod Community College,MA,2,2
165608,Diman Regional Technical Institute,MA,1,1
165820,Fitchburg State University,MA,4,3
165866,Framingham State University,MA,4,2
165981,Greenfield Community College,MA,2,2
166133,Holyoke Community College,MA,2,2
166513,University of Massachusetts-Lowell,MA,4,4
166629,University of Massachusetts-Amherst,MA,4,5
166638,University of Massachusetts-Boston,MA,4,4
166647,Massachusetts Bay Community College,MA,2,2
166665,University of Massachusetts-Central Office,MA,4,-2
166674,Massachusetts College of Art and Design,MA,4,2
166692,Massachusetts Maritime Academy,MA,4,2
166708,University of Massachusetts Medical School Worcester,MA,4,2
166823,Massasoit Community College,MA,2,3
166887,Middlesex Community College,MA,2,3
166957,Mount Wachusett Community College,MA,2,2
167288,Massachusetts College of Liberal Arts,MA,4,1
167312,North Shore Community College,MA,2,2
167376,Northern Essex Community College,MA,2,2
167525,Quincy College,MA,2,2
167534,Quinsigamond Community College,MA,2,3
167631,Roxbury Community College,MA,2,2
167729,Salem State University,MA,4,3
167871,Southeastern Technical Institute,MA,1,1
167905,Springfield Technical Community College,MA,2,2
167987,University of Massachusetts-Dartmouth,MA,4,3
168263,Westfield State University,MA,4,3
168430,Worcester State University,MA,4,3
168607,Alpena Community College,MI,4,2
168883,Bay de Noc Community College,MI,2,2
169248,Central Michigan University,MI,4,4
169275,Mott Community College,MI,2,3
169521,Delta College,MI,2,3
169798,Eastern Michigan University,MI,4,4
169910,Ferris State University,MI,4,4
169974,Glen Oaks Community College,MI,2,2
169992,Gogebic Community College,MI,2,1
170055,Grand Rapids Community College,MI,2,4
170082,Grand Valley State University,MI,4,5
170240,Henry Ford College,MI,4,4
170444,Jackson College,MI,4,2
170541,Kalamazoo Valley Community College,MI,2,3
170550,Kellogg Community College,MI,2,2
170587,Kirtland Community College,MI,2,2
170620,Lake Michigan College,MI,2,2
170639,Lake Superior State University,MI,4,2
170657,Lansing Community College,MI,2,4
170790,Macomb Community College,MI,2,4
170976,University of Michigan-Ann Arbor,MI,4,5
171100,Michigan State University,MI,4,5
171128,Michigan Technological University,MI,4,3
171137,University of Michigan-Dearborn,MI,4,3
171146,University of Michigan-Flint,MI,4,3
171155,Mid Michigan College,MI,2,2
171225,Monroe County Community College,MI,2,2
171234,Montcalm Community College,MI,2,2
171304,Muskegon Community College,MI,2,2
171395,North Central Michigan College,MI,2,2
171456,Northern Michigan University,MI,4,3
171483,Northwestern Michigan College,MI,4,2
171535,Oakland Community College,MI,2,4
171571,Oakland University,MI,4,4
172051,Saginaw Valley State University,MI,4,3
172200,Schoolcraft College,MI,4,3
172291,St Clair County Community College,MI,2,2
172307,Southwestern Michigan College,MI,2,2
172422,Michigan Career and Technical Institute,MI,1,1
172617,Washtenaw Community College,MI,2,4
172635,Wayne County Community College District,MI,2,4
172644,Wayne State University,MI,4,5
172671,West Shore Community College,MI,2,2
172699,Western Michigan University,MI,4,4
172918,Alexandria Technical & Community College,MN,2,2
172954,Anoka Technical College,MN,2,2
172963,Anoka-Ramsey Community College,MN,2,3
173063,Riverland Community College,MN,2,2
173115,Northwest Technical College,MN,2,1
173124,Bemidji State University,MN,4,2
173203,Central Lakes College-Brainerd,MN,2,2
173416,Dakota County Technical College,MN,2,2
173461,Lake Superior College,MN,2,2
173559,Minnesota State Community and Technical College,MN,2,3
173638,Minnesota West Community and Technical College,MN,2,2
173708,Hennepin Technical College,MN,2,2
173735,Hibbing Community College,MN,2,1
173799,Inver Hills Community College,MN,2,2
173805,Itasca Community College,MN,2,1
173911,South Central College,MN,2,2
173920,Minnesota State University-Mankato,MN,4,4
173993,Mesabi Range College,MN,2,1
174020,Metropolitan State University,MN,4,3
174066,University of Minnesota-Twin Cities,MN,4,5
174075,University of Minnesota-Crookston,MN,4,2
174136,Minneapolis Community and Technical College,MN,2,3
174233,University of Minnesota-Duluth,MN,4,3
174251,University of Minnesota-Morris,MN,4,2
174358,Minnesota State University Moorhead,MN,4,3
174376,North Hennepin Community College,MN,2,3
174428,Normandale Community College,MN,2,3
174473,Northland Community and Technical College,MN,2,2
174570,Pine Technical & Community College,MN,2,2
174604,Rainy River Community College,MN,2,1
174738,Rochester Community and Technical College,MN,2,2
174756,St Cloud Technical and Community College,MN,2,2
174783,Saint Cloud State University,MN,4,4
175041,Saint Paul College,MN,2,3
175078,Southwest Minnesota State University,MN,4,3
175157,Vermilion Community College,MN,2,1
175236,Ridgewater College,MN,2,2
175263,Minnesota State College Southeast,MN,2,2
175272,Winona State University,MN,4,3
175315,Century College,MN,2,3
175342,Alcorn State University,MS,4,2
175519,Coahoma Community College,MS,2,2
175573,Copiah-Lincoln Community College,MS,2,2
175616,Delta State University,MS,4,2
175643,East Central Community College,MS,2,2
175652,East Mississippi Community College,MS,2,2
175786,Hinds Community College,MS,2,4
175810,Holmes Community College,MS,2,2
175829,Itawamba Community College,MS,2,2
175856,Jackson State University,MS,4,3
175883,Jones County Junior College,MS,2,2
175935,Meridian Community College,MS,2,2
175999,Board of Trustees-Mississippi State Institutions of Higher Learning,MS,4,-2
176008,Mississippi Delta Community College,MS,2,2
176017,University of Mississippi,MS,4,5
176035,Mississippi University for Women,MS,4,2
176044,Mississippi Valley State University,MS,4,2
176071,Mississippi Gulf Coast Community College,MS,2,3
176080,Mississippi State University,MS,4,5
176169,Northeast Mississippi Community College,MS,2,2
176178,Northwest Mississippi Community College,MS,2,3
176239,Pearl River Community College,MS,2,2
176354,Southwest Mississippi Community College,MS,2,2
176372,University of Southern Mississippi,MS,4,4
176798,Cape Girardeau Career and Technology Center,MO,2,1
176965,University of Central Missouri,MO,4,4
176983,Grand River Technical School,MO,1,1
177135,Crowder College,MO,2,2
177250,East Central College,MO,2,2
177436,Four Rivers Career Center,MO,1,1
177472,Ozarks Technical Community College,MO,2,4
177551,Harris-Stowe State University,MO,4,2
177676,Jefferson College,MO,2,2
177870,Lake Career and Technical Center,MO,1,1
177931,Lex La-Ray Technical Center,MO,1,1
177940,Lincoln University,MO,4,2
177977,State Technical College of Missouri,MO,2,2
177995,Metropolitan Community College-Kansas City,MO,2,4
178217,Mineral Area College,MO,2,2
178341,Missouri Southern State University,MO,4,2
178387,Missouri Western State University,MO,4,2
178396,University of Missouri-Columbia,MO,4,5
178402,University of Missouri-Kansas City,MO,4,4
178411,Missouri University of Science and Technology,MO,4,3
178420,University of Missouri-St Louis,MO,4,4
178439,University of Missouri-System Office,MO,4,-2
178448,Moberly Area Community College,MO,2,2
178615,Truman State University,MO,4,2
178624,Northwest Missouri State University,MO,4,3
178828,Poplar Bluff Technical Career Center,MO,1,1
179052,Rolla Technical Institute/Center,MO,2,1
179308,Saint Louis Community College,MO,2,4
179344,Missouri State University-West Plains,MO,2,2
179539,State Fair Community College,MO,2,2
179557,Southeast Missouri State University,MO,4,3
179566,Missouri State University-Springfield,MO,4,5
179645,Three Rivers College,MO,2,2
179715,North Central Missouri College,MO,2,2
180081,Highlands College of Montana Tech,MT,2,1
180151,Dawson Community College,MT,2,1
180160,Chief Dull Knife College,MT,2,1
180179,Montana State University Billings,MT,4,2
180197,Flathead Valley Community College,MT,2,2
180203,Aaniiih Nakoda College,MT,4,1
180212,Fort Peck Community College,MT,2,1
180249,Great Falls College Montana State University,MT,2,2
180276,Helena College University of Montana,MT,2,2
180328,Little Big Horn College,MT,2,1
180373,Miles Community College,MT,2,1
180416,Montana Technological University,MT,4,2
180461,Montana State University,MT,4,4
180489,The University of Montana,MT,4,4
180522,Montana State University-Northern,MT,4,2
180647,Salish Kootenai College,MT,4,1
180692,The University of Montana-Western,MT,4,2
180902,Central Community College,NE,2,3
180948,Chadron State College,NE,4,2
181215,University of Nebraska at Kearney,NE,4,3
181303,Metropolitan Community College Area,NE,2,4
181312,Mid-Plains Community College,NE,2,2
181394,University of Nebraska at Omaha,NE,4,4
181419,Nebraska Indian Community College,NE,2,1
181428,University of Nebraska Medical Center,NE,4,2
181464,University of Nebraska-Lincoln,NE,4,5
181491,Northeast Community College,NE,2,3
181534,Peru State College,NE,4,2
181640,Southeast Community College Area,NE,2,3
181747,University of Nebraska-Central Administration System Office,NE,4,-2
181765,Nebraska College of Technical Agriculture,NE,2,1
181783,Wayne State College,NE,4,2
181817,Western Nebraska Community College,NE,2,2
182005,College of Southern Nevada,NV,4,5
182281,University of Nevada-Las Vegas,NV,4,5
182290,University of Nevada-Reno,NV,4,5
182306,Great Basin College,NV,4,2
182500,Truckee Meadows Community College,NV,4,3
182519,Nevada System of Higher Education-System Office,NV,4,-2
182564,Western Nevada College,NV,4,2
182829,University of New Hampshire-Franklin Pierce School of Law,NH,4,1
183044,University of New Hampshire-Main Campus,NH,4,4
183062,Keene State College,NH,4,2
183071,University of New Hampshire at Manchester,NH,4,1
183080,Plymouth State University,NH,4,2
183099,NHTI-Concord's Community College,NH,2,2
183105,White Mountains Community College,NH,2,1
183114,River Valley Community College,NH,2,1
183123,Lakes Region Community College,NH,2,1
183132,Manchester Community College,NH,2,2
183141,Nashua Community College,NH,2,2
183150,Great Bay Community College,NH,2,2
183257,Granite State College,NH,4,2
183327,University System of New Hampshire System Office,NH,4,-2
183655,Atlantic Cape Community College,NJ,2,2
183743,Bergen Community College,NJ,2,4
183859,Brookdale Community College,NJ,2,3
183877,Rowan College at Burlington County,NJ,2,3
183938,Camden County College,NJ,2,3
183983,Adult and Continuing Education-BCTS,NJ,1,1
184180,County College of Morris,NJ,2,3
184205,Rowan College South Jersey Cumberland Campus,NJ,2,2
184481,Essex County College,NJ,2,3
184782,Rowan University,NJ,4,4
184791,Rowan College of South Jersey Gloucester Campus,NJ,2,3
184995,Hudson County Community College,NJ,2,3
185129,New Jersey City University,NJ,4,3
185262,Kean University,NJ,4,4
185509,Mercer County Community College,NJ,2,3
185536,Middlesex College,NJ,2,3
185590,Montclair State University,NJ,4,5
185828,New Jersey Institute of Technology,NJ,4,4
185873,Ocean County College,NJ,2,3
186034,Passaic County Community College,NJ,2,3
186201,Ramapo College of New Jersey,NJ,4,3
186371,Rutgers University-Camden,NJ,4,3
186380,Rutgers University-New Brunswick,NJ,4,5
186399,Rutgers University-Newark,NJ,4,4
186469,Salem Community College,NJ,2,1
186645,Raritan Valley Community College,NJ,2,3
186876,Stockton University,NJ,4,3
187046,Thomas Edison State University,NJ,4,3
187134,The College of New Jersey,NJ,4,3
187198,Union County College,NJ,2,3
187444,William Paterson University of New Jersey,NJ,4,3
187532,Central New Mexico Community College,NM,2,4
187596,Navajo Technical University,NM,4,2
187620,New Mexico State University-Dona Ana,NM,2,3
187639,Clovis Community College,NM,2,2
187648,Eastern New Mexico University-Main Campus,NM,4,2
187666,Eastern New Mexico University-Roswell Campus,NM,2,2
187745,Institute of American Indian and Alaska Native Culture and Arts Development,NM,4,1
187897,New Mexico Highlands University,NM,4,2
187903,New Mexico Junior College,NM,2,2
187912,New Mexico Military Institute,NM,2,1
187958,University of New Mexico-Gallup Campus,NM,2,2
187967,New Mexico Institute of Mining and Technology,NM,4,2
187976,University of New Mexico-Los Alamos Campus,NM,2,1
187985,University of New Mexico-Main Campus,NM,4,5
187994,New Mexico State University-Alamogordo,NM,2,1
188003,Southeast New Mexico College,NM,2,2
188021,New Mexico State University-Grants,NM,2,1
188030,New Mexico State University-Main Campus,NM,4,4
188049,University of New Mexico-Valencia County Campus,NM,2,2
188058,Northern New Mexico College,NM,4,2
188100,San Juan College,NM,2,3
188137,Santa Fe Community College,NM,2,2
188216,Southwestern Indian Polytechnic Institute,NM,2,1
188225,University of New Mexico-Taos Campus,NM,2,2
188261,Mesalands Community College,NM,2,1
188304,Western New Mexico University,NM,4,2
188438,SUNY Adirondack,NY,2,2
189547,SUNY Broome Community College,NY,2,2
189839,Cayuga County Community College,NY,2,2
190035,CUNY System Office,NY,4,-2
190053,Clinton Community College,NY,2,2
190169,Columbia-Greene Community College,NY,2,2
190442,SUNY Corning Community College,NY,2,2
190512,CUNY Bernard M Baruch College,NY,4,4
190521,CUNY Borough of Manhattan Community College,NY,2,4
190530,CUNY Bronx Community College,NY,2,3
190549,CUNY Brooklyn College,NY,4,4
190558,College of Staten Island CUNY,NY,4,4
190567,CUNY City College,NY,4,4
190576,CUNY Graduate School and University Center,NY,4,3
190585,CUNY Hostos Community College,NY,2,3
190594,CUNY Hunter College,NY,4,5
190600,CUNY John Jay College of Criminal Justice,NY,4,4
190619,CUNY Kingsborough Community College,NY,2,4
190628,CUNY LaGuardia Community College,NY,2,4
190637,CUNY Lehman College,NY,4,4
190646,CUNY Medgar Evers College,NY,4,2
190655,CUNY New York City College of Technology,NY,4,4
190664,CUNY Queens College,NY,4,4
190673,CUNY Queensborough Community College,NY,2,4
190682,CUNY School of Law,NY,4,1
190691,CUNY York College,NY,4,3
190840,Dutchess Community College,NY,2,3
191083,Erie Community College,NY,2,3
191126,Fashion Institute of Technology,NY,4,3
191199,Finger Lakes Community College,NY,2,3
191302,Fulton-Montgomery Community College,NY,2,2
191339,Genesee Community College,NY,2,2
191612,Herkimer County Community College,NY,2,2
191719,Hudson Valley Community College,NY,2,3
191986,Jamestown Community College,NY,2,2
192022,Jefferson Community College,NY,2,2
193122,Southern Westchester BOCES-Practical Nursing Program,NY,1,1
193283,Mohawk Valley Community College,NY,2,3
193326,Monroe Community College,NY,2,3
193478,Nassau Community College,NY,2,4
193946,Niagara County Community College,NY,2,2
194028,North Country Community College,NY,2,2
194222,Onondaga Community College,NY,2,3
194240,Orange County Community College,NY,2,3
194259,Otsego Area BOCES-Practical Nursing Program,NY,1,1
195058,Rockland Community College,NY,2,3
195322,Schenectady County Community College,NY,2,2
195827,SUNY-System Office,NY,4,-2
195988,Sullivan County Community College,NY,2,2
196006,SUNY College of Technology at Alfred,NY,4,2
196015,SUNY College of Technology at Canton,NY,4,2
196024,SUNY College of Technology at Delhi,NY,4,2
196033,SUNY College of Agriculture and Technology at Cobleskill,NY,4,2
196042,Farmingdale State College,NY,4,3
196051,SUNY Morrisville,NY,4,2
196060,SUNY at Albany,NY,4,4
196079,Binghamton University,NY,4,4
196088,University at Buffalo,NY,4,5
196097,Stony Brook University,NY,4,5
196103,SUNY College of Environmental Science and Forestry,NY,4,2
196112,SUNY Polytechnic Institute,NY,4,2
196121,SUNY Brockport,NY,4,3
196130,SUNY Buffalo State,NY,4,3
196149,SUNY Cortland,NY,4,3
196158,SUNY at Fredonia,NY,4,2
196167,SUNY College at Geneseo,NY,4,2
196176,State University of New York at New Paltz,NY,4,3
196185,SUNY Oneonta,NY,4,3
196194,SUNY College at Oswego,NY,4,3
196200,SUNY College at Potsdam,NY,4,2
196219,SUNY at Purchase College,NY,4,2
196228,SUNY College of Optometry,NY,4,1
196237,SUNY College at Old Westbury,NY,4,2
196246,SUNY College at Plattsburgh,NY,4,2
196255,SUNY Downstate Health Sciences University,NY,4,2
196264,SUNY Empire State College,NY,4,3
196291,SUNY Maritime College,NY,4,2
196307,Upstate Medical University,NY,4,2
196565,Tompkins Cortland Community College,NY,2,2
196699,Ulster County Community College,NY,2,2
197027,United States Merchant Marine Academy,NY,4,2
197036,United States Military Academy,NY,4,2
197294,SUNY Westchester Community College,NY,2,3
197814,College of the Albemarle,NC,2,2
197850,South Piedmont Community College,NC,2,2
197869,Appalachian State University,NC,4,5
197887,Asheville-Buncombe Technical Community College,NC,2,3
197966,Beaufort County Community College,NC,2,2
198011,Bladen Community College,NC,2,2
198039,Blue Ridge Community College,NC,2,2
198084,Brunswick Community College,NC,2,2
198118,Caldwell Community College and Technical Institute,NC,2,2
198154,Cape Fear Community College,NC,2,4
198206,Carteret Community College,NC,2,2
198233,Catawba Valley Community College,NC,2,2
198251,Central Carolina Community College,NC,2,2
198260,Central Piedmont Community College,NC,2,4
198321,Cleveland Community College,NC,2,2
198330,Coastal Carolina Community College,NC,2,2
198367,Craven Community College,NC,2,2
198376,Davidson-Davie Community College,NC,2,2
198455,Durham Technical Community College,NC,2,2
198464,East Carolina University,NC,4,5
198491,Edgecombe Community College,NC,2,2
198507,Elizabeth City State University,NC,4,2
198534,Fayetteville Technical Community College,NC,2,3
198543,Fayetteville State University,NC,4,3
198552,Forsyth Technical Community College,NC,2,3
198570,Gaston College,NC,2,2
198622,Guilford Technical Community College,NC,2,3
198640,Halifax Community College,NC,2,1
198668,Haywood Community College,NC,2,2
198710,Isothermal Community College,NC,2,2
198729,James Sprunt Community College,NC,2,2
198774,Johnston Community College,NC,2,2
198817,Lenoir Community College,NC,2,2
198905,Martin Community College,NC,2,1
198914,Mayland Community College,NC,2,1
198923,McDowell Technical Community College,NC,2,2
198987,Mitchell Community College,NC,2,2
199023,Montgomery Community College,NC,2,1
199087,Nash Community College,NC,2,2
199102,North Carolina A & T State University,NC,4,4
199111,University of North Carolina at Asheville,NC,4,2
199120,University of North Carolina at Chapel Hill,NC,4,5
199139,University of North Carolina at Charlotte,NC,4,5
199148,University of North Carolina at Greensboro,NC,4,4
199157,North Carolina Central University,NC,4,3
199175,University of North Carolina System,NC,4,-2
199184,University of North Carolina School of the Arts,NC,4,2
199193,North Carolina State University at Raleigh,NC,4,5
199218,University of North Carolina Wilmington,NC,4,4
199263,Pamlico Community College,NC,2,1
199281,University of North Carolina at Pembroke,NC,4,3
199324,Piedmont Community College,NC,2,2
199333,Pitt Community College,NC,2,3
199421,Randolph Community College,NC,2,2
199449,Richmond Community College,NC,2,2
199467,Roanoke-Chowan Community College,NC,2,1
199476,Robeson Community College,NC,2,2
199485,Rockingham Community College,NC,2,2
199494,Rowan-Cabarrus Community College,NC,2,3
199625,Sampson Community College,NC,2,2
199634,Sandhills Community College,NC,2,2
199722,Southeastern Community College,NC,2,2
199731,Southwestern Community College,NC,2,2
199740,Stanly Community College,NC,2,2
199768,Surry Community College,NC,2,2
199786,Alamance Community College,NC,2,2
199795,Tri-County Community College,NC,2,1
199838,Vance-Granville Community College,NC,2,2
199856,Wake Technical Community College,NC,2,5
199892,Wayne Community College,NC,2,2
199908,Western Piedmont Community College,NC,2,2
199926,Wilkes Community College,NC,2,2
199953,Wilson Community College,NC,2,2
199999,Winston-Salem State University,NC,4,3
200004,Western Carolina University,NC,4,4
200022,Bismarck State College,ND,4,2
200059,Dickinson State University,ND,4,2
200086,Nueta Hidatsa Sahnish College,ND,4,1
200192,Lake Region State College,ND,2,2
200208,Cankdeska Cikana Community College,ND,2,1
200226,Mayville State University,ND,4,2
200253,Minot State University,ND,4,2
200280,University of North Dakota,ND,4,4
200305,North Dakota State College of Science,ND,2,2
200314,Dakota College at Bottineau,ND,2,2
200332,North Dakota State University-Main Campus,ND,4,4
200341,Williston State College,ND,2,1
200466,Sitting Bull College,ND,4,1
200572,Valley City State University,ND,4,2
200697,Air Force Institute of Technology-Graduate School of Engineering & Management,OH,4,2
200800,University of Akron Main Campus,OH,4,4
200846,University of Akron Wayne College,OH,2,2
201034,Apollo Career Center,OH,1,2
201098,Ashland County-West Holmes Career Center,OH,1,1
201131,Ashtabula County Technical and Career Campus,OH,1,1
201159,Auburn Career Center,OH,1,1
201283,Belmont College,OH,2,1
201432,Bowling Green State University-Firelands,OH,4,2
201441,Bowling Green State University-Main Campus,OH,4,4
201478,Buckeye Hills Career Center,OH,1,1
201496,Butler Technology and Career Development Schools,OH,1,1
201539,Canton City Schools Adult Career and Technical Education,OH,1,1
201672,Central Ohio Technical College,OH,2,2
201690,Central State University,OH,4,3
201803,Choffin Career  and Technical Center,OH,1,1
201885,University of Cincinnati-Main Campus,OH,4,5
201928,Cincinnati State Technical and Community College,OH,4,3
201946,University of Cincinnati-Clermont College,OH,4,3
201955,University of Cincinnati-Blue Ash College,OH,4,3
201973,Clark State College,OH,4,3
202134,Cleveland State University,OH,4,4
202152,Columbiana County Career and Technical Center,OH,1,1
202222,Columbus State Community College,OH,2,5
202356,Cuyahoga Community College District,OH,2,4
202648,Edison State Community College,OH,2,2
202657,EHOVE Career Center,OH,1,1
202949,Great Oaks Career Campuses,OH,1,1
202985,Hannah E Mullins School of Practical Nursing,OH,1,1
203030,Adult and Community Education-Hudson,OH,1,1
203155,Hocking College,OH,2,2
203331,Eastern Gateway Community College,OH,2,5
203447,Kent State University at Ashtabula,OH,4,2
203456,Kent State University at East Liverpool,OH,4,2
203465,Kent State University at Stark,OH,4,2
203474,Kent State University at Trumbull,OH,4,2
203483,Kent State University at Tuscarawas,OH,4,2
203492,Kent State University at Salem,OH,4,2
203517,Kent State University at Kent,OH,4,5
203526,Kent State University at Geauga,OH,4,2
203599,Lakeland Community College,OH,2,2
203614,O C Collins Career Center,OH,2,1
203678,James A. Rhodes State College,OH,2,2
203748,Lorain County Community College,OH,4,3
203881,Marion Technical College,OH,2,2
203942,Medina County Career Center,OH,1,1
204006,Miami University-Hamilton,OH,4,2
204015,Miami University-Middletown,OH,4,2
204024,Miami University-Oxford,OH,4,4
204158,Miami Valley Career Technology Center,OH,1,1
204255,Zane State College,OH,4,2
204422,North Central State College,OH,4,2
204440,Northwest State Community College,OH,2,2
204459,Toledo Public Schools Adult and Continuing Education,OH,2,1
204477,Northeast Ohio Medical University,OH,4,2
204662,Ohio State University Agricultural Technical Institute,OH,2,1
204671,Ohio State University-Lima Campus,OH,4,1
204680,Ohio State University-Mansfield Campus,OH,4,1
204699,Ohio State University-Marion Campus,OH,4,2
204705,Ohio State University-Newark Campus,OH,4,2
204796,Ohio State University-Main Campus,OH,4,5
204802,Ohio University-Eastern Campus,OH,4,2
204820,Ohio University-Chillicothe Campus,OH,4,2
204839,Ohio University-Southern Campus,OH,4,2
204848,Ohio University-Lancaster Campus,OH,4,2
204857,Ohio University-Main Campus,OH,4,5
204866,Ohio University-Zanesville Campus,OH,4,2
204945,Owens Community College,OH,2,3
204981,Cuyahoga Valley Career Center,OH,1,1
205443,Shawnee State University,OH,4,2
205470,Sinclair Community College,OH,4,4
205841,Stark State College,OH,2,4
205966,Southern State Community College,OH,2,2
206011,Terra State Community College,OH,2,2
206084,University of Toledo,OH,4,4
206172,Tri-County Adult Career Center,OH,1,1
206181,Tri-Rivers Career Center,OH,1,1
206321,Upper Valley Career Center,OH,1,1
206446,Washington State Community College,OH,2,2
206604,Wright State University-Main Campus,OH,4,4
206613,Wright State University-Lake Campus,OH,4,2
206695,Youngstown State University,OH,4,4
206905,Pontotoc Technology Center,OK,1,1
206914,Cameron University,OK,4,2
206923,Carl Albert State College,OK,2,2
206941,University of Central Oklahoma,OK,4,4
206996,Connors State College,OK,2,2
207041,East Central University,OK,4,2
207050,Eastern Oklahoma State College,OK,2,2
207069,Redlands Community College,OK,2,2
207209,Langston University,OK,4,2
207236,Murray State College,OK,2,2
207263,Northeastern State University,OK,4,3
207281,Northern Oklahoma College,OK,2,2
207290,Northeastern Oklahoma A&M College,OK,2,2
207306,Northwestern Oklahoma State University,OK,4,2
207315,Oklahoma State University Center for Health Sciences,OK,4,2
207342,University of Oklahoma-Health Sciences Center,OK,4,2
207351,Oklahoma Panhandle State University,OK,4,2
207388,Oklahoma State University-Main Campus,OK,4,5
207397,Oklahoma State University-Oklahoma City,OK,4,2
207449,Oklahoma City Community College,OK,2,4
207500,University of Oklahoma-Norman Campus,OK,4,5
207564,Oklahoma State University Institute of Technology,OK,4,2
207661,Rogers State University,OK,4,2
207670,Rose State College,OK,2,3
207722,University of Science and Arts of Oklahoma,OK,4,1
207740,Seminole State College,OK,2,2
207847,Southeastern Oklahoma State University,OK,4,3
207865,Southwestern Oklahoma State University,OK,4,2
207935,Tulsa Community College,OK,2,4
208035,Western Oklahoma State College,OK,2,2
208053,High Plains Technology Center,OK,1,1
208275,Blue Mountain Community College,OR,2,2
208318,Central Oregon Community College,OR,2,2
208390,Chemeketa Community College,OR,2,3
208406,Clackamas Community College,OR,2,3
208415,Clatsop Community College,OR,2,1
208646,Eastern Oregon University,OR,4,2
209038,Lane Community College,OR,2,3
209074,Linn-Benton Community College,OR,2,2
209250,Mt Hood Community College,OR,2,3
209490,Oregon Health & Science University,OR,4,2
209506,Oregon Institute of Technology,OR,4,2
209542,Oregon State University,OR,4,5
209551,University of Oregon,OR,4,5
209746,Portland Community College,OR,2,5
209807,Portland State University,OR,4,5
209940,Rogue Community College,OR,2,2
210146,Southern Oregon University,OR,4,3
210155,Southwestern Oregon Community College,OR,2,2
210234,Treasure Valley Community College,OR,2,2
210270,Umpqua Community College,OR,2,2
210429,Western Oregon University,OR,4,2
210605,Community College of Allegheny County,PA,2,4
211079,Community College of Beaver County,PA,2,2
211158,Bloomsburg University of Pennsylvania,PA,4,3
211307,Bucks County Community College,PA,2,3
211343,Butler County Community College,PA,2,2
211361,California University of Pennsylvania,PA,4,3
211608,Cheyney University of Pennsylvania,PA,4,1
211644,Clarion University of Pennsylvania,PA,4,2
211927,Delaware County Community College,PA,2,3
212115,East Stroudsburg University of Pennsylvania,PA,4,3
212160,Edinboro University of Pennsylvania,PA,4,2
212878,Harrisburg Area Community College,PA,2,4
213020,Indiana University of Pennsylvania-Main Campus,PA,4,3
213349,Kutztown University of Pennsylvania,PA,4,3
213525,Lehigh Carbon Community College,PA,2,3
213598,Lincoln University,PA,4,2
213613,Lock Haven University,PA,4,2
213659,Luzerne County Community College,PA,2,2
213783,Mansfield University of Pennsylvania,PA,4,2
214041,Millersville University of Pennsylvania,PA,4,3
214111,Montgomery County Community College,PA,2,3
214379,Northampton County Area Community College,PA,2,3
214661,Pennsylvania State System of Higher Education-Central Office,PA,4,-2
215239,Community College of Philadelphia,PA,2,4
215266,University of Pittsburgh-Bradford,PA,4,2
215275,University of Pittsburgh-Greensburg,PA,4,2
215284,University of Pittsburgh-Johnstown,PA,4,2
215293,University of Pittsburgh-Pittsburgh Campus,PA,4,5
215309,University of Pittsburgh-Titusville,PA,2,1
215585,Reading Area Community College,PA,2,2
215886,Schuylkill Technology Center,PA,1,1
216010,Shippensburg University of Pennsylvania,PA,4,3
216038,Slippery Rock University of Pennsylvania,PA,4,3
216296,Thaddeus Stevens College of Technology,PA,2,2
216339,Temple University,PA,4,5
216764,West Chester University of Pennsylvania,PA,4,4
216825,Westmoreland County Community College,PA,2,2
217420,Rhode Island College,RI,4,3
217475,Community College of Rhode Island,RI,2,4
217484,University of Rhode Island,RI,4,4
217615,Aiken Technical College,SC,2,2
217712,Technical College of the Lowcountry,SC,2,2
217819,College of Charleston,SC,4,4
217837,Northeastern Technical College,SC,2,2
217864,Citadel Military College of South Carolina,SC,4,2
217882,Clemson University,SC,4,5
217989,Denmark Technical College,SC,2,1
218025,Florence-Darlington Technical College,SC,2,2
218061,Francis Marion University,SC,4,2
218113,Greenville Technical College,SC,4,3
218140,Horry-Georgetown Technical College,SC,2,3
218229,Lander University,SC,4,2
218335,Medical University of South Carolina,SC,4,2
218353,Midlands Technical College,SC,2,3
218487,Orangeburg Calhoun Technical College,SC,2,2
218520,Piedmont Technical College,SC,2,2
218645,University of South Carolina Aiken,SC,4,2
218654,University of South Carolina Beaufort,SC,4,2
218663,University of South Carolina-Columbia,SC,4,5
218672,University of South Carolina-Lancaster,SC,2,2
218681,University of South Carolina-Salkehatchie,SC,2,1
218690,University of South Carolina-Sumter,SC,2,2
218706,University of South Carolina-Union,SC,2,2
218724,Coastal Carolina University,SC,4,4
218733,South Carolina State University,SC,4,2
218742,University of South Carolina-Upstate,SC,4,3
218830,Spartanburg Community College,SC,2,3
218858,Central Carolina Technical College,SC,2,2
218885,Tri-County Technical College,SC,2,3
218894,Trident Technical College,SC,2,4
218955,Williamsburg Technical College,SC,2,1
218964,Winthrop University,SC,4,3
218991,York Technical College,SC,2,2
219046,Black Hills State University,SD,4,2
219082,Dakota State University,SD,4,2
219143,Lake Area Technical College,SD,2,2
219189,Mitchell Technical College,SD,2,2
219259,Northern State University,SD,4,2
219277,Oglala Lakota College,SD,4,2
219347,South Dakota School of Mines and Technology,SD,4,2
219356,South Dakota State University,SD,4,4
219374,Sinte Gleska University,SD,4,1
219408,Sisseton Wahpeton College,SD,2,1
219426,Southeast Technical College,SD,2,2
219471,University of South Dakota,SD,4,3
219480,Western Dakota Technical College,SD,2,2
219596,Tennessee College of Applied Technology-Athens,TN,2,1
219602,Austin Peay State University,TN,4,3
219824,Chattanooga State Community College,TN,2,3
219879,Cleveland State Community College,TN,2,2
219888,Columbia State Community College,TN,2,3
219921,Tennessee College of Applied Technology-Covington,TN,2,1
219994,Tennessee College of Applied Technology-Dickson,TN,2,1
220057,Dyersburg State Community College,TN,2,2
220075,East Tennessee State University,TN,4,4
220127,Tennessee College of Applied Technology-Elizabethton,TN,2,1
220251,Tennessee College of Applied Technology-Harriman,TN,2,1
220279,Tennessee College of Applied Technology-Hartsville,TN,2,1
220321,Tennessee College of Applied Technology-Hohenwald,TN,2,1
220394,Tennessee College of Applied Technology-Jacksboro,TN,2,1
220400,Jackson State Community College,TN,2,2
220640,Tennessee College of Applied Technology-Livingston,TN,2,2
220756,Tennessee College of Applied Technology-McKenzie,TN,2,1
220853,Tennessee College of Applied Technology-Memphis,TN,2,2
220862,University of Memphis,TN,4,5
220978,Middle Tennessee State University,TN,4,5
221050,Tennessee College of Applied Technology-Morristown,TN,2,1
221096,Motlow State Community College,TN,2,3
221102,Tennessee College of Applied Technology-Murfreesboro,TN,2,1
221184,Nashville State Community College,TN,2,3
221236,Tennessee College of Applied Technology-Newbern,TN,2,1
221281,Tennessee College of Applied Technology-Paris,TN,2,1
221333,Tennessee College of Applied Technology-Pulaski,TN,2,1
221388,Tennessee College of Applied Technology-Ripley,TN,2,1
221397,Roane State Community College,TN,2,2
221430,Tennessee College of Applied Technology-Crump,TN,2,2
221485,Southwest Tennessee Community College,TN,2,3
221494,Tennessee College of Applied Technology-Shelbyville,TN,2,1
221582,Tennessee College of Applied Technology-Oneida-Huntsville,TN,2,1
221591,Tennessee College of Applied Technology-Crossville,TN,2,1
221607,Tennessee College of Applied Technology-McMinnville,TN,2,1
221616,Tennessee College of Applied Technology-Jackson,TN,2,2
221625,Tennessee College of Applied Technology-Knoxville,TN,2,1
221634,Tennessee College of Applied Technology-Whiteville,TN,2,-2
221643,Pellissippi State Community College,TN,2,3
221740,The University of Tennessee-Chattanooga,TN,4,4
221759,The University of Tennessee-Knoxville,TN,4,5
221768,The University of Tennessee-Martin,TN,4,3
221838,Tennessee State University,TN,4,3
221847,Tennessee Technological University,TN,4,3
221908,Northeast State Community College,TN,2,3
222053,Volunteer State Community College,TN,2,3
222062,Walters State Community College,TN,2,3
222497,Alamo Community College District Central Office,TX,2,-2
222567,Alvin Community College,TX,2,2
222576,Amarillo College,TX,2,3
222822,Angelina College,TX,2,2
222831,Angelo State University,TX,4,4
222992,Austin Community College District,TX,4,5
223320,Coastal Bend College,TX,2,2
223427,Blinn College,TX,2,4
223506,Brazosport College,TX,4,2
223816,Central Texas College,TX,2,3
223898,Cisco College,TX,2,2
223922,Clarendon College,TX,2,2
224110,North Central Texas College,TX,2,3
224147,Texas A & M University-Corpus Christi,TX,4,4
224350,Del Mar College,TX,4,4
224545,Texas A&M University-Texarkana,TX,4,2
224554,Texas A & M University-Commerce,TX,4,4
224615,Dallas College,TX,4,5
224642,El Paso Community College,TX,2,5
224891,Frank Phillips College,TX,2,2
224961,Galveston College,TX,4,2
225070,Grayson College,TX,4,2
225308,Trinity Valley Community College,TX,4,3
225371,Hill College,TX,2,2
225414,University of Houston-Clear Lake,TX,4,3
225423,Houston Community College,TX,2,5
225432,University of Houston-Downtown,TX,4,4
225502,University of Houston-Victoria,TX,4,2
225511,University of Houston,TX,4,5
225520,Howard College,TX,2,2
226019,Kilgore College,TX,2,3
226091,Lamar University,TX,4,4
226107,Lamar State College-Orange,TX,2,2
226116,Lamar State College-Port Arthur,TX,2,2
226134,Laredo College,TX,4,3
226152,Texas A & M International University,TX,4,3
226204,Lee College,TX,2,3
226408,College of the Mainland,TX,4,2
226578,McLennan Community College,TX,2,3
226806,Midland College,TX,4,3
226833,Midwestern State University,TX,4,3
227146,Navarro College,TX,2,3
227182,Lone Star College System,TX,4,5
227216,University of North Texas,TX,4,5
227225,Northeast Texas Community College,TX,2,2
227304,Odessa College,TX,4,3
227368,The University of Texas Rio Grande Valley,TX,4,5
227377,Texas Southmost College,TX,2,3
227386,Panola College,TX,2,2
227401,Paris Junior College,TX,2,2
227526,Prairie View A & M University,TX,4,3
227687,Ranger College,TX,2,2
227854,St Philip's College,TX,2,4
227881,Sam Houston State University,TX,4,5
227924,San Antonio College,TX,2,4
227979,San Jacinto Community College,TX,4,5
228158,South Plains College,TX,2,3
228316,Southwest Texas Junior College,TX,2,3
228431,Stephen F Austin State University,TX,4,4
228459,Texas State University,TX,4,5
228501,Sul Ross State University,TX,4,2
228529,Tarleton State University,TX,4,4
228547,Tarrant County College District,TX,2,5
228608,Temple College,TX,2,2
228635,University of Texas Southwestern Medical Center,TX,4,2
228644,The University of Texas Health Science Center at San Antonio,TX,4,2
228653,The University of Texas Medical Branch at Galveston,TX,4,2
228699,Texarkana College,TX,2,2
228705,Texas A & M University-Kingsville,TX,4,3
228723,Texas A & M University-College Station,TX,4,5
228732,Texas A & M University-System Office,TX,4,-2
228769,The University of Texas at Arlington,TX,4,5
228778,The University of Texas at Austin,TX,4,5
228787,The University of Texas at Dallas,TX,4,5
228796,The University of Texas at El Paso,TX,4,5
228802,The University of Texas at Tyler,TX,4,3
228909,University of North Texas Health Science Center,TX,4,2
229018,The University of Texas Permian Basin,TX,4,3
229027,The University of Texas at San Antonio,TX,4,5
229063,Texas Southern University,TX,4,3
229090,The University of Texas System Office,TX,4,-2
229115,Texas Tech University,TX,4,5
229179,Texas Woman's University,TX,4,4
229300,The University of Texas Health Science Center at Houston,TX,4,3
229337,Texas Tech University Health Sciences Center,TX,4,3
229355,Tyler Junior College,TX,4,4
229407,University of Houston-System Administration,TX,4,-2
229504,Vernon College,TX,2,2
229540,Victoria College,TX,2,2
229799,Weatherford College,TX,4,3
229814,West Texas A & M University,TX,4,3
229832,Western Texas College,TX,2,2
229841,Wharton County Junior College,TX,2,3
230010,Bridgerland Technical College,UT,1,2
230162,Davis Technical College,UT,1,2
230171,Dixie State University,UT,4,4
230490,Ogden-Weber Technical College,UT,1,2
230597,Snow College,UT,4,3
230603,Southern Utah University,UT,4,4
230676,Uintah Basin Technical College,UT,1,2
230728,Utah State University,UT,4,5
230737,Utah Valley University,UT,4,5
230746,Salt Lake Community College,UT,2,5
230764,University of Utah,UT,4,5
230782,Weber State University,UT,4,5
230834,Castleton University,VT,4,2
230861,Community College of Vermont,VT,2,3
230913,Northern Vermont University,VT,4,2
231156,Vermont State Colleges-Office of the Chancellor,VT,4,-2
231165,Vermont Technical College,VT,4,2
231174,University of Vermont,VT,4,4
231536,Blue Ridge Community College,VA,2,2
231624,William & Mary,VA,4,3
231688,Central School of Practical Nursing,VA,1,1
231697,Central Virginia Community College,VA,2,2
231712,Christopher Newport University,VA,4,2
231873,Dabney S Lancaster Community College,VA,2,2
231882,Danville Community College,VA,2,2
231970,Eastern Virginia Medical School,VA,4,2
232052,Eastern Shore Community College,VA,2,1
232186,George Mason University,VA,4,5
232195,Germanna Community College,VA,2,3
232414,J Sargeant Reynolds Community College,VA,2,3
232423,James Madison University,VA,4,5
232450,Brightpoint Community College,VA,2,3
232566,Longwood University,VA,4,2
232575,Laurel Ridge Community College,VA,2,3
232681,University of Mary Washington,VA,4,2
232788,Mountain Empire Community College,VA,2,2
232867,New River Community College,VA,2,2
232937,Norfolk State University,VA,4,3
232946,Northern Virginia Community College,VA,2,5
232982,Old Dominion University,VA,4,5
233019,Patrick Henry Community College,VA,2,2
233037,Paul D Camp Community College,VA,2,2
233116,Piedmont Virginia Community College,VA,2,2
233277,Radford University,VA,4,3
233310,Rappahannock Community College,VA,2,2
233338,Richard Bland College,VA,2,2
233639,Southside Virginia Community College,VA,2,2
233648,Southwest Virginia Community College,VA,2,2
233754,Virginia Peninsula Community College,VA,2,3
233772,Tidewater Community College,VA,2,4
233897,University of Virginia's College at Wise,VA,4,2
233903,Virginia Highlands Community College,VA,2,2
233921,Virginia Polytechnic Institute and State University,VA,4,5
233949,Virginia Western Community College,VA,2,3
234030,Virginia Commonwealth University,VA,4,5
234076,University of Virginia-Main Campus,VA,4,5
234085,Virginia Military Institute,VA,4,2
234155,Virginia State University,VA,4,2
234377,Wytheville Community College,VA,2,2
234669,Bellevue College,WA,4,4
234696,Bellingham Technical College,WA,4,2
234711,Big Bend Community College,WA,4,2
234827,Central Washington University,WA,4,4
234845,Centralia College,WA,4,2
234933,Clark College,WA,4,3
234951,Clover Park Technical College,WA,4,2
234979,Columbia Basin College,WA,4,3
235097,Eastern Washington University,WA,4,4
235103,Edmonds College,WA,4,3
235149,Everett Community College,WA,2,3
235167,The Evergreen State College,WA,4,2
235237,Pierce College District,WA,4,3
235334,Grays Harbor College,WA,4,2
235343,Green River College,WA,4,3
235431,Highline College,WA,4,2
235671,Bates Technical College,WA,2,2
235699,Lake Washington Institute of Technology,WA,4,2
235750,Lower Columbia College,WA,4,2
236072,North Seattle College,WA,4,2
236188,Olympic College,WA,4,2
236258,Peninsula College,WA,4,2
236382,Renton Technical College,WA,4,2
236504,South Seattle College,WA,4,2
236513,Seattle Central College,WA,4,2
236610,Shoreline Community College,WA,2,2
236638,Skagit Valley College,WA,4,2
236656,South Puget Sound Community College,WA,2,2
236692,Spokane Community College,WA,4,3
236708,Spokane Falls Community College,WA,4,2
236753,Tacoma Community College,WA,4,3
236887,Walla Walla Community College,WA,4,2
236939,Washington State University,WA,4,5
236948,University of Washington-Seattle Campus,WA,4,5
236975,Wenatchee Valley College,WA,4,2
237011,Western Washington University,WA,4,4
237039,Whatcom Community College,WA,4,2
237109,Yakima Valley College,WA,4,2
237172,Ben Franklin Career Center,WV,1,1
237215,Bluefield State College,WV,4,2
237242,Cabell County Career Technology Center,WV,1,1
237330,Concord University,WV,4,2
237367,Fairmont State University,WV,4,2
237385,Glenville State University,WV,4,2
237473,James Rumsey Technical Institute,WV,1,1
237491,Ralph R Willis Career and Technical Center,WV,1,1
237525,Marshall University,WV,4,4
237543,Mercer County Technical Education Center,WV,2,1
237561,Monongalia County Technical Education Center,WV,1,1
237686,West Virginia University at Parkersburg,WV,4,2
237701,Potomac State College of West Virginia University,WV,4,2
237729,Academy of Careers and Technology,WV,1,1
237792,Shepherd University,WV,4,2
237817,Southern West Virginia Community and Technical College,WV,2,2
237844,Fred W Eberle Technical Center,WV,2,1
237880,West Virginia School of Osteopathic Medicine,WV,4,1
237899,West Virginia State University,WV,4,2
237932,West Liberty University,WV,4,2
237950,West Virginia University Institute of Technology,WV,4,2
238014,West Virginia Northern Community College,WV,2,2
238032,West Virginia University,WV,4,5
238096,Wood County School of Practical Nursing,WV,1,1
238263,Madison Area Technical College,WI,4,4
238397,Blackhawk Technical College,WI,2,2
238722,Fox Valley Technical College,WI,2,4
238759,Gateway Technical College,WI,2,3
239008,Lakeshore Technical College,WI,2,2
239220,Mid-State Technical College,WI,2,2
239248,Milwaukee Area Technical College,WI,2,4
239372,Moraine Park Technical College,WI,2,2
239442,Nicolet Area Technical College,WI,2,2
239460,Northcentral Technical College,WI,2,3
239488,Northeast Wisconsin Technical College,WI,2,4
239910,Southwest Wisconsin Technical College,WI,2,2
240116,Chippewa Valley Technical College,WI,2,3
240125,Waukesha County Technical College,WI,2,3
240170,Western Technical College,WI,2,2
240189,University of Wisconsin-Whitewater,WI,4,4
240198,Northwood Technical College,WI,2,2
240268,University of Wisconsin-Eau Claire,WI,4,4
240277,University of Wisconsin-Green Bay,WI,4,3
240329,University of Wisconsin-La Crosse,WI,4,4
240365,University of Wisconsin-Oshkosh,WI,4,4
240374,University of Wisconsin-Parkside,WI,4,2
240417,University of Wisconsin-Stout,WI,4,3
240426,University of Wisconsin-Superior,WI,4,2
240435,University of Wisconsin-System Administration,WI,4,-2
240444,University of Wisconsin-Madison,WI,4,5
240453,University of Wisconsin-Milwaukee,WI,4,5
240462,University of Wisconsin-Platteville,WI,4,3
240471,University of Wisconsin-River Falls,WI,4,3
240480,University of Wisconsin-Stevens Point,WI,4,3
240505,Casper College,WY,2,2
240514,Central Wyoming College,WY,4,2
240596,Eastern Wyoming College,WY,2,2
240620,Laramie County Community College,WY,4,2
240657,Northwest College,WY,4,2
240666,Northern Wyoming Community College District,WY,2,2
240693,Western Wyoming Community College,WY,4,2
240727,University of Wyoming,WY,4,4
240736,American Samoa Community College,AS,4,2
240745,Guam Community College,GU,4,2
240754,University of Guam,GU,4,2
240790,Northern Marianas College,MP,4,2
241720,Colegio Universitario de San Juan,PR,4,1
241766,Conservatory of Music of Puerto Rico,PR,4,1
241951,Escuela de Artes Plasticas y Diseno de Puerto Rico,PR,4,1
242042,Instituto Tecnologico de Puerto Rico-Recinto de Manati,PR,2,1
242556,Instituto Tecnologico de Puerto Rico-Recinto de Guayama,PR,2,1
242565,Instituto Tecnologico de Puerto Rico-Recinto de Ponce,PR,2,1
242583,Instituto Tecnologico de Puerto Rico-Recinto de San Juan,PR,2,1
243106,University of Puerto Rico-Aguadilla,PR,4,2
243115,University of Puerto Rico-Arecibo,PR,4,2
243133,University of Puerto Rico-Bayamon,PR,4,2
243142,University of Puerto Rico-Carolina,PR,4,2
243151,University of Puerto Rico-Cayey,PR,4,2
243160,University of Puerto Rico-Central Administration,PR,4,-2
243179,University of Puerto Rico-Humacao,PR,4,2
243188,University of Puerto Rico-Utuado,PR,4,1
243197,University of Puerto Rico-Mayaguez,PR,4,4
243203,University of Puerto Rico-Medical Sciences,PR,4,2
243212,University of Puerto Rico at Ponce,PR,4,2
243221,University of Puerto Rico-Rio Piedras,PR,4,4
243638,College of Micronesia-FSM,FM,4,2
243647,Palau Community College,PW,2,1
243665,University of the Virgin Islands,VI,4,2
243780,Purdue University-Main Campus,IN,4,5
243799,Blue Hills Regional Technical School,MA,1,1
244437,Georgia State University-Perimeter College,GA,2,4
244446,Georgia Piedmont Technical College,GA,2,2
245625,Warren County Community College,NJ,2,2
245999,Francis Tuttle Technology Center,OK,1,2
246017,Central Technology Center,OK,1,2
246071,Career Technology Center of Lackawanna County,PA,1,1
246354,Palo Alto College,TX,2,4
246813,Athens Technical College,GA,2,2
246895,GateWay Community College-Central City,AZ,1,1
247083,University of Louisiana-System Administration,LA,4,-2
247603,Sussex County Community College,NJ,2,2
247737,Mississippi Community College Board,MS,2,-2
247834,Collin County Community College District,TX,4,5
247940,Owensboro Community and Technical College,KY,2,2
248606,Moore Norman Technology Center,OK,2,2
248624,Fayette County Career & Technical Institute Practical Nursing Program,PA,1,1
248633,Franklin County Career and Technology Center,PA,1,1
248925,Tennessee College of Applied Technology Nashville,TN,2,1
250993,Red River Technology Center,OK,1,1
251260,Southern Union State Community College,AL,2,2
260336,Clinton Technical School,MO,1,1
260363,Greene County Career and Technology Center,PA,1,1
260372,Lac Courte Oreilles Ojibwe College,WI,4,1
261773,Pike-Lincoln Technical Center,MO,1,1
262031,St Charles Community College,MO,2,3
262129,New College of Florida,FL,4,1
363165,Metro Technology Centers,OK,2,2
363633,Luna Community College,NM,2,1
363721,University of the District of Columbia-David A Clarke School of Law,DC,4,-2
364016,Paradise Valley Community College,AZ,2,3
364025,Chandler-Gilbert Community College,AZ,2,4
364548,Great Plains Technology Center,OK,2,1
364575,Roane-Jackson Technical Center,WV,2,1
364627,Pioneer Technology Center,OK,1,1
364636,Portage Lakes Career Center,OH,1,1
364946,Caddo Kiowa Technology Center,OK,1,1
364964,"Center for Instruction, Technology & Innovation",NY,1,1
365198,Southern Oklahoma Technology Center,OK,1,1
365213,Autry Technology Center,OK,2,1
365240,Greene County Career Center,OH,1,1
365374,Canadian Valley Technology Center,OK,2,2
365383,Wilkes-Barre Area Career and Technical Center Practical Nursing,PA,1,1
365480,Meridian Technology Center,OK,2,1
365505,Waynesville Career Center,MO,1,1
365763,Morris County Vocational School District,NJ,1,1
366252,Pennsylvania College of Technology,PA,4,2
366340,Stone Child College,MT,4,1
366395,Suffolk County Community College,NY,2,5
366401,Las Positas College,CA,2,3
366465,Ogeechee Technical College,GA,2,2
366623,Northwest Technology Center-Alva,OK,1,1
366632,Mercer County Career Center,PA,1,1
366711,California State University-San Marcos,CA,4,4
367459,NorthWest Arkansas Community College,AR,2,3
367875,Brewster Technical College,FL,2,1
367972,Capital Area School of Practical Nursing,IL,1,1
368364,Southwest Technology Center,OK,1,1
368407,Western Area Career & Technology Center,PA,1,1
368647,Mineral County Vocational Technical Center,WV,1,1
368911,Southeastern Technical College,GA,2,2
369109,Alliance Career Center,OH,1,1
369419,Erwin Technical College,FL,2,1
369668,Central Pennsylvania Institute of Science and Technology,PA,2,1
371690,Downey Adult School,CA,2,2
372082,Pomona Unified School District Adult and Career Education,CA,1,1
373711,Upper Cape Cod Regional Technical School,MA,1,1
374592,MCVSD,NJ,1,1
375373,Knox County Career Center,OH,1,1
375407,Madison Adult Career Center,OH,2,1
375568,Brown & Clermont Adult Career Campuses,OH,1,1
375656,Chisholm Trail Technology Center,OK,1,1
375683,Gordon Cooper Technology Center,OK,2,1
375726,Kiamichi Technology Center-McAlester,OK,1,1
375966,Eastern Center for Arts and Technology,PA,1,1
376695,College of the Marshall Islands,MH,4,2
377485,Virginia Beach City Public Schools School of Practical Nursing,VA,1,1
377555,University of Washington-Bothell Campus,WA,4,3
377564,University of Washington-Tacoma Campus,WA,4,3
379621,Madison Oneida BOCES-Practical Nursing Program,NY,1,1
380359,Bay Mills Community College,MI,4,1
380368,Fond du Lac Tribal and Community College,MN,2,2
380377,Northwest Indian College,WA,4,1
382258,Mt. Diablo Adult Education-Mt. Diablo USD,CA,1,1
382416,Greater Lowell Technical School,MA,1,1
382911,Southwest Collegiate Institute for the Deaf,TX,2,1
383084,Hacienda La Puente Adult Education,CA,2,1
383190,Hawaii Community College,HI,2,2
383312,Buckeye Joint Vocational School,OH,1,1
383330,Sandusky Career Center,OH,1,1
383367,Greater Altoona Career & Technology Center,PA,1,1
383525,Erie 2 Chautauqua Cattaraugus BOCES-Practical Nursing Program,NY,1,1
383996,Eastern New Mexico University Ruidoso Branch Community College,NM,2,1
384333,Estrella Mountain Community College,AZ,2,3
384342,Heartland Community College,IL,2,2
389860,Mid-EastCTC-Adult Education,OH,1,1
390905,Polaris Career Center,OH,1,1
395362,Copper Mountain Community College,CA,2,2
399212,Santiago Canyon College,CA,2,4
403469,Frontier Community College,IL,2,2
403478,Lincoln Trail College,IL,2,1
403487,Wabash Valley College,IL,2,1
404426,Coconino Community College,AZ,2,2
404480,University System of Maryland-Research Centers,MD,4,-2
405872,Carroll Community College,MD,2,2
406325,Schuyler Steuben Chemung Tioga Allegany BOCES,NY,1,1
406361,Delaware Chenango Madison Otsego BOCES-Practical Nursing Program,NY,1,1
406422,Central Susquehanna Intermediate Unit LPN Career,PA,1,1
407461,Eastland-Fairfield Career and Technical Schools,OH,1,1
407489,Mahoning County Career and Technical Center,OH,1,1
407513,Pickaway Ross Joint Vocational School District,OH,1,1
407522,Pioneer Career and Technology Center,OH,1,1
407577,Scioto County Career Technical Center,OH,1,1
407595,Trumbull Career & Technical Center,OH,1,1
407832,Warren County Career Center,OH,1,1
409120,Franklin Technology Center Adult Education,MO,1,1
409315,South Texas College,TX,4,5
409379,Tennessee Board of Regents,TN,2,-2
409537,Pike County Joint Vocational School District,OH,1,1
409591,Lorain County Joint Vocational School District,OH,1,1
409698,California State University-Monterey Bay,CA,4,3
412535,Shawsheen Valley School of Practical Nursing,MA,1,1
413176,Fayette Institute of Technology,WV,1,1
413626,Leech Lake Tribal College,MN,2,1
414911,Pennsylvania Highlands Community College,PA,2,2
416801,The University of Texas MD Anderson Cancer Center,TX,4,1
417105,Baldwin Park Adult & Community Education,CA,1,1
417123,Ventura Adult and Continuing Education,CA,1,1
417248,CT Aero Tech School,CT,2,1
417275,Stratford School for Aviation Maintenance Technicians,CT,2,1
417442,Career Center of Southern Illinois,IL,1,1
417628,Kirksville Area Technical Center,MO,1,1
417637,South Central Career Center,MO,1,1
417646,Saline County Career Center,MO,1,1
417655,Warrensburg Area Career Center,MO,1,1
417682,Cass Career Center,MO,1,1
417716,Applied Technology Services,MO,1,1
417831,Union County Vocational Technical School,NJ,1,1
417868,Clinton Essex Warren Washington BOCES,NY,1,1
417886,Jefferson Lewis BOCES-Practical Nursing Program,NY,1,1
417910,Veeb Nassau County School of Practical Nursing,NY,1,1
417983,Cattaraugus Allegany BOCES-Practical Nursing Program,NY,1,1
417992,Orange Ulster BOCES-Practical Nursing Program,NY,1,1
418001,Wayne Finger Lakes BOCES-Practical Nursing Program,NY,1,1
418010,Broome Delaware Tioga BOCES-Practical Nursing Program,NY,1,1
418029,Washington Saratoga Warren Hamilton Essex BOCES-Practical Nursing Program,NY,1,1
418038,Albany BOCES-Adult Practical Nursing Program,NY,1,1
418056,Ulster BOCES-School of Practical Nursing,NY,1,1
418065,Eastern Suffolk BOCES,NY,1,1
418083,Rockland County BOCES-Practical Nursing Program,NY,1,1
418199,Penta County Joint Vocational School,OH,1,1
418205,Career and Technology Education Centers of Licking County,OH,1,1
418223,Northern Career Institute,OH,1,1
418250,Washington County Career Center-Adult Technical Training,OH,1,1
418278,Vantage Career Center,OH,1,1
418296,Indian Capital Technology Center-Muskogee,OK,2,2
418302,Western Technology Center,OK,1,1
418320,Mid-America Technology Center,OK,1,1
418348,Eastern Oklahoma County Technology Center,OK,1,1
418357,Wes Watkins Technology Center,OK,1,1
418409,York County School of Technology-Adult & Continuing Education,PA,1,1
418427,Chester County Intermediate Unit,PA,1,1
418445,Jefferson County Dubois Area Vocational Technical Practical Nursing Program,PA,1,1
418454,Greater Johnstown Career and Technology Center,PA,1,1
418481,Mifflin County Academy of Science and Technology,PA,1,1
418515,Lenape Technical School Practical Nursing Program,PA,1,1
418524,Venango County Area Vocational Technical School,PA,1,1
418533,Lancaster County Career and Technology Center,PA,2,1
418542,Lebanon County Area Vocational Technical School,PA,1,1
418560,Indiana County Technology Center,PA,1,1
418588,Northern Tier Career Center,PA,1,1
418612,Hazleton Area Career Center,PA,1,1
419031,United Technical Center,WV,1,1
419095,Charles H McCann Technical School,MA,1,1
419226,Marion Technical College,FL,2,1
419332,Forbes Road Career and Technology Center,PA,1,1
419420,Putnam Career and Technical Center,WV,1,1
419484,Crawford County Career and Technical Center Practical Nursing Program,PA,1,1
420398,Northwest Vista College,TX,2,4
420431,Oconee Fall Line Technical College,GA,2,2
420440,York County Community College,ME,2,2
420468,Western Suffolk BOCES,NY,2,1
420538,Arkansas State University-Mountain Home,AR,2,2
420556,Columbia Gorge Community College,OR,2,1
420723,Tillamook Bay Community College,OR,2,1
420802,Arizona Board of Regents,AZ,4,-2
421717,Vanguard-Sentinel Adult Career and Technology Center,OH,1,1
423652,Oregon Coast Community College,OR,2,1
427991,Osceola Technical College,FL,1,1
428019,Green Country Technology Center,OK,1,1
428392,Klamath Community College,OR,2,2
428426,San Bernardino Community College District,CA,2,-2
428453,Minnesota State Colleges and Universities System Office,MN,4,-2
430795,Carver Career Center,WV,2,1
430883,Cayuga Onondaga BOCES-Practical Nursing Program,NY,1,1
430908,Clearfield County Career and Technology Center,PA,1,1
430971,Delaware County Technical School-Practical Nursing Program,PA,1,1
431017,Mid-Del Technology Center,OK,1,1
431105,Dutchess BOCES-Practical Nursing Program,NY,1,1
431169,Garnet Career Center,WV,1,1
431187,Bristol Technical Education Center,CT,1,1
431196,Genesee Valley BOCES-Practical Nursing Program,NY,1,1
431266,Henrico County-Saint Marys Hospital School of Practical Nursing,VA,1,1
431275,Herkimer County BOCES-Practical Nursing Program,NY,1,1
431558,Cape Coral Technical College,FL,1,1
431716,Ocean County Vocational-Technical School,NJ,1,1
432144,South Orange County Community College District,CA,2,-2
433040,Monty Tech,MA,1,1
433068,Okaloosa Technical College,FL,2,1
433138,Wayne County Schools Career Center,OH,1,1
433174,Carolinas College of Health Sciences,NC,4,1
433660,Florida Gulf Coast University,FL,4,4
434016,Little Priest Tribal College,NE,2,1
434061,South Louisiana Community College,LA,2,3
434584,Ilisagvik College,AK,4,1
434672,Community College of Baltimore County,MD,2,4
435000,Louisiana State University Health Sciences Center-Shreveport,LA,4,2
436304,River Parishes Community College,LA,2,2
436818,University of Connecticut-Waterbury Campus,CT,4,1
436827,University of Connecticut-Avery Point,CT,4,1
436836,University of Connecticut-Stamford,CT,4,2
437103,Baton Rouge Community College,LA,2,3
438665,Rancho Santiago Community College District Office,CA,4,-2
438708,Eastern West Virginia Community and Technical College,WV,2,1
439154,Texas Tech University System Administration,TX,4,-2
439190,Cascadia College,WA,4,2
439622,Erie 1 BOCES,NY,1,1
440217,Huntingdon County Career and Technology Center,PA,1,1
440402,Arkansas State University-Newport,AR,2,2
440730,Onondaga Cortland Madison BOCES,NY,1,1
440828,Oregon State University-Cascades Campus,OR,4,2
440916,Southern University Law Center,LA,4,1
441070,Saginaw Chippewa Tribal College,MI,2,1
441210,East Valley Institute of Technology,AZ,1,1
441414,M-DCPS The English Center,FL,1,1
441593,Orleans Niagara BOCES-Practical Nursing Program,NY,1,1
441672,Susquehanna County Career and Technology Center,PA,1,1
441760,Lamar Institute of Technology,TX,2,2
441900,Nevada State College,NV,4,3
441937,California State University-Channel Islands,CA,4,3
442781,Tohono O'odham Community College,AZ,2,1
443368,Illinois Eastern Community College-System Office,IL,2,-2
443492,Pierpont Community and Technical College,WV,2,2
443711,University of North Texas System,TX,4,-2
444219,Folsom Lake College,CA,2,3
444954,Mountwest Community and Technical College,WV,2,2
445188,University of California-Merced,CA,4,3
446206,Culpeper Cosmetology Training Center,VA,1,1
446349,John D Rockefeller IV Career Center,WV,1,1
446774,Blue Ridge Community and Technical College,WV,2,2
446978,Colorado State University-System Office,CO,4,-2
447582,New River Community and Technical College,WV,2,2
447689,Georgia Gwinnett College,GA,4,4
448248,Mountainland Technical College,UT,1,2
448336,Arkansas State University System,AR,4,-2
448594,West Hills College-Lemoore,CA,2,2
448637,West Hills Community College District,CA,2,-2
449357,Beaumont Adult School,CA,1,1
449816,Southwest Technical College,UT,1,1
451459,Monroe 2 Orleans BOCES-Center for Workforce Development,NY,1,1
451583,Dixie Technical College,UT,1,1
452106,Escuela De Troqueleria Y Herramentaje,PR,2,1
455114,College of Western Idaho,ID,2,4
455512,Woodland Community College,CA,2,2
456959,University of Minnesota-Rochester,MN,4,1
457378,Emerald Coast Technical College,FL,1,1
457387,Immokalee Technical College,FL,2,1
457615,Blackstone Valley Vocational Regional School District,MA,1,1
457624,Southern Worcester County Regional Vocational School District,MA,1,1
457873,Four County Career Center,OH,1,1
457943,Somerset County Technology Center,PA,1,1
457989,Academy for Careers and Technology,SC,1,1
459329,Fred K Marchman Technical College,FL,2,1
459408,Tri County Regional Vocational Technical High School,MA,1,1
459949,Texas A&M University-San Antonio,TX,4,3
460394,Moreno Valley College,CA,2,3
460464,Norco College,CA,2,3
461087,Northeast Technology Center,OK,1,2
461245,Flagler Technical College,FL,2,1
461306,D A Dorsey Technical College,FL,1,1
461315,Keweenaw Bay Ojibwa Community College,MI,2,1
463056,University of Connecticut-Hartford Campus,CT,4,2
475565,CUNY Stella and Charles Guttman Community College,NY,2,1
475723,Tooele Technical College,UT,1,1
476975,Colorado State University-Global Campus,CO,4,4
480967,College of the Muscogee Nation,OK,2,1
481021,Berks Career & Technology Center,PA,1,1
481049,Carthage R9 School District-Carthage Technical Center,MO,1,1
481182,Ukiah Adult School,CA,1,1
481191,Riverside County Office of Education-School of Career Education,CA,1,1
482149,Augusta University,GA,4,3
482158,Middle Georgia State University,GA,4,3
482680,University of North Georgia,GA,4,4
482699,South Georgia State College,GA,4,2
482936,Florida Polytechnic University,FL,4,2
483036,Texas A&M University-Central Texas,TX,4,2
483045,Central Georgia Technical College,GA,2,3
483124,Arizona State University Digital Immersion,AZ,4,5
483212,Louisiana Delta Community College,LA,2,2
484233,Tri-Community Adult Education,CA,2,1
484473,University of Florida-Online,FL,4,3
484905,University of North Texas at Dallas,TX,4,2
484932,BridgeValley Community & Technical College,WV,2,2
485111,Georgia Military College,GA,4,3
485342,Aparicio-Levy Technical College,FL,1,1
485458,Coastal Pines Technical College,GA,2,2
485537,University of Texas Health Science Center at Tyler,TX,4,-2
486150,Treasure Coast Technical College,FL,1,1
486202,Mingo Extended Learning Center,WV,1,1
486406,Randolph Technical Center,WV,1,1
486840,Kennesaw State University,GA,4,5
486877,Eastern Suffolk BOCES,NY,1,1
486886,Eastern Suffolk BOCES,NY,1,1
487010,The University of Tennessee Health Science Center,TN,4,2
487162,Southern Regional Technical College,GA,2,2
487296,University of Arizona-Sierra Vista,AZ,4,-2
487320,Texas State Technical College,TX,2,4
487773,Butte County Regional Occupational Program,CA,1,1
488730,Northeast Lakeview College,TX,2,3
488800,Teachers College of San Joaquin,CA,4,1
488891,South Dade Technical College-South Dade Skills Center Campus,FL,1,1
488934,Tulsa Technology Center,OK,2,2
489201,Clovis Community College,CA,2,3
489779,Purdue University Global,IN,4,5
490090,Gadsden Technical Institute,FL,2,1
490212,Baldy View Regional Occupational Program,CA,1,1
490805,Purdue University Northwest,IN,4,3
491288,University of Wisconsin-Milwaukee Flex,WI,4,1
491297,University of Wisconsin-Parkside Flex,WI,4,1
491464,ABC Adult School,CA,1,1
491473,Polytech Adult Education,DE,1,1
491783,Suncoast Technical Education Center,FL,1,1
491844,Red Lake Nation College,MN,2,1
492263,The University of Tennessee System Office,TN,4,-2
492306,Escondido Adult School,CA,1,1
492315,Poway Adult School,CA,1,1
492324,Vista Adult School,CA,1,1
492689,Texas Tech University Health Sciences Center-El Paso,TX,4,1
493725,University of Arkansas System eVersity,AR,4,1
495013,Western Maricopa Education Center,AZ,2,1
495767,The Pennsylvania State University,PA,4,5
496645,Burlington County Institute of Technology-Adult Education,NJ,1,1
497046,Madera Community College,CA,2,2
