case,variant,n_donors,pre_rmspe,norm_rmspe,avg_post_gap,placebo_p
gsu_grad,base,109,0.0050117736564933,0.010862464062574,-0.024587511280057,0.6966292134831461
csu_ret,base,208,0.0043366390388034,0.0053680766174401,-0.0014663229854391,0.9256756756756755
gsu_grad,loo_drop_Indiana University-Purdue University-Indianapolis,108,0.0062095232423059294,0.013458453571197569,0.0011970691978407696,
gsu_grad,loo_drop_University of Minnesota-Twin Cities,108,0.005427870661992643,0.011764308215676433,-0.0131512290596688,
gsu_grad,loo_drop_Weber State University,108,0.006317445200888595,0.01369236245795425,-0.013695045645906241,
gsu_grad,loo_drop_University of Utah,108,0.0057877286313875774,0.012544260489682036,-0.018361140859131715,
gsu_grad,loo_drop_The University of Texas at Arlington,108,0.006053171105798727,0.013119577640175479,-0.01737358376925567,
csu_ret,loo_drop_The University of Texas at Arlington,207,0.005569753449212831,0.0068944781864703495,0.007967391014175687,
csu_ret,loo_drop_University of North Carolina at Chapel Hill,207,0.0044407123263220955,0.005496902968037962,-0.0022843063212426204,
csu_ret,loo_drop_Colorado State University-Fort Collins,207,0.004528022619211565,0.005604979369492655,-0.0026262756413436192,
csu_ret,loo_drop_CUNY City College,207,0.004554982477904875,0.005638351431535656,-0.007287839581420726,
csu_ret,loo_drop_The University of Texas at Austin,207,0.004350006520967688,0.005384623456547095,5.11295597932504e-05,
csu_ret,loo_drop_Rowan University,207,0.004359597082065291,0.005396495061796117,-0.002383409072121941,
csu_ret,loo_drop_Idaho State University,207,0.004560969242803064,0.005645762104265509,-0.0029560380694986232,
csu_ret,loo_drop_University of Missouri-St Louis,207,0.0044049417960489315,0.005452624681227679,0.0019185271601801501,
csu_ret,loo_drop_University of Colorado Denver/Anschutz Medical Campus,207,0.004435871958952621,0.0054909113550253505,0.001904366967083737,
gsu_grad,drop_suspects,108,0.005011773660383658,0.010862464071005922,-0.02458834503279063,0.6818181818181818
gsu_grad,pool_size45,208,0.0020415647796916832,0.004424865441017222,0.010478421542604064,0.782608695652174
csu_ret,pool_size5only,106,0.0051442981854973365,0.006367831529351257,-0.013146177752701696,0.5465116279069767
gsu_grad,region_exSREB,57,0.006416205603683188,0.013906414687701636,-0.02735731356613928,
gsu_grad,region_SREBonly,52,0.011937722153615778,0.02587368998890029,-0.01084540863672101,
csu_ret,region_exWest,173,0.004859571276022931,0.006015384426553585,-0.005849424611711118,
gsu_grad,screen_k25,25,0.0063283336008297915,0.013715961858319616,-0.0008066143523372846,
csu_ret,screen_k25,25,0.008338654513361559,0.010321941926353833,-0.0004082378061068444,
gsu_grad,screen_k50,50,0.005429091851457545,0.011766955008525686,-0.012881912796247052,
csu_ret,screen_k50,50,0.007669764172445114,0.009493960956165483,0.005721793681888705,
gsu_grad,screen_k100,100,0.005011773656521832,0.010862464062635843,-0.0245875458425641,
csu_ret,screen_k100,100,0.006322598138383472,0.007826381426823044,0.01749480266301547,
gsu_grad,prewindow_2006_2011,109,1.2680269903790104e-06,2.646920555872502e-06,-0.014427320004102998,1.0
csu_ret,prewindow_2006_2017,208,0.0022311541951685904,0.0027571012216992654,0.014637931489610678,0.5252525252525253
gsu_grad,treat2011,109,0.004733704836134945,0.010410947457239835,-0.009811927541946087,0.8444444444444444
