unitid,pre_rmspe,post_rmspe,ratio
104151,0.015530160895365588,0.016824149927633012,1.083321031957471
106397,0.005005691337132664,0.030785233375914454,6.150046277833164
126614,0.003914272642322027,0.015608786519889239,3.987659508211923
126818,0.00796180372318814,0.031363070258250525,3.939191588824025
133951,0.022102130104369816,0.037966040945879805,1.717754839311779
145813,0.007376368774553548,0.03202546892916414,4.341630673298662
153658,0.006485657193946449,0.023926225554061768,3.6890980880694575
159391,0.008926060372715466,0.014560396122889953,1.631223128111156
164076,0.005383867857148727,0.017357531275794456,3.223989097865216
170082,0.009728536629448134,0.013650900889039827,1.40318132202111
176017,0.01009595149591979,0.018323190914050345,1.8149048082744392
176080,0.005870041128123118,0.0442132177691559,7.532011582905653
185590,0.004520904171803264,0.02525733348923877,5.586788069246846
190594,0.0020163083458017593,0.025543525348143064,12.668461845792741
201885,0.009861614730206412,0.014183274517357795,1.4382304425170873
204857,0.01110645589864839,0.0414086051289972,3.7283365194865143
207500,0.008679672526688833,0.03651043865280395,4.206430431625068
209542,0.004445093013454371,0.008317978052612966,1.8712719908078814
209551,0.00786000952749028,0.018097725276231953,2.302506786147701
221759,0.009816867715755394,0.016193723550339,1.6495815181811193
228787,0.007402459251157074,0.02901391572643195,3.9194968512520756
229115,0.010692660748893275,0.015557433138246706,1.4549636899175868
230764,0.015648845441002104,0.037647778263259005,2.4057863185623076
234030,0.008123398523105594,0.015260566619645912,1.8785938639154396
236939,0.008440039064010156,0.04094710581663906,4.851530366872931
