unitid,name,state,weight
228769,The University of Texas at Arlington,TX,0.20637704200823026
199120,University of North Carolina at Chapel Hill,NC,0.15962241613043798
126818,Colorado State University-Fort Collins,CO,0.1451084949664903
190567,CUNY City College,NY,0.1322694225760141
228778,The University of Texas at Austin,TX,0.07739829127036918
184782,Rowan University,NJ,0.06825103955673227
142276,Idaho State University,ID,0.05592456370544402
178420,University of Missouri-St Louis,MO,0.05436590649430958
126562,University of Colorado Denver/Anschutz Medical Campus,CO,0.05162006186410902
243780,Purdue University-Main Campus,IN,0.038130204877711224
235097,Eastern Washington University,WA,0.005274140056317207
155399,Kansas State University,KS,0.0033216948933769345
409315,South Texas College,TX,0.0023367216004578652
