year,real,synth
2004,0.4023702031602709,0.4035701036186373
2005,0.4143619602134886,0.4239259983216006
2006,0.47191011235955055,0.46434815943780483
2007,0.4416058394160584,0.4465690865937548
2008,0.4979166666666667,0.4950620848155708
2009,0.48151408450704225,0.480594942953126
2010,0.4731182795698925,0.4727443223123108
2011,0.5082796688132475,0.5041466120607812
2012,0.5315351051170171,0.5226216975322191
2013,0.5333576376230404,0.532373853315721
2014,0.5389853592100783,0.5457161766256278
2015,0.5303189624956186,0.552608798859922
2016,0.5347043701799485,0.5561433366257815
2017,0.5426307448494453,0.5681574528275781
2018,0.5469303423848878,0.5857452666786714
2019,0.5313186813186813,0.5970696350684949
2020,0.5628825820812465,0.6135151692464612
