name,weight,pre_slope_2004_2011,post_slope_2012_2020,accel
Indiana University-Purdue University-Indianapolis,0.3219361689630016,1.4601271916009377,1.6453661242432454,0.18523893264230762
University of Minnesota-Twin Cities,0.1860218461245995,1.86127606724119,1.1002230536129909,-0.7610530136281992
Weber State University,0.1491758721541134,0.995323987164283,0.021292622081089927,-0.9740313650831931
University of Utah,0.1429636094333513,1.5101174811648095,0.9620426590163145,-0.548074822148495
The University of Texas at Arlington,0.1395008605989441,-0.47107221535803884,1.425790515282191,1.89686273064023
Grand Valley State University,0.04992190897197,2.1566549819837064,0.045128478381816516,-2.11152650360189
SYNTHETIC (weighted donors),0.9895202662459799,1.2444768188289734,1.0887801103150372,-0.15569670851393624
Georgia State (treated),,1.333655476245164,0.24579131274547272,-1.0878641634996913
Unweighted pool mean (109 donors),,0.7054177696676466,0.804109689689383,0.09869192002173643
