year,treated,p100858,p104179,p106397,p126818,p137351,p145813,p151351,p153603,p153658,p157085,p159391,p170082,p174066,p176017,p176080,p179566,p181464,p199139,p207388,p207500,p227216,p227881,p229115,p232982,p234030
2004,-0.022672582492263782,0.04654094665495512,-0.0114710449263416,0.00421918965208018,-0.011900733501870597,-0.00028684894156300045,-0.01851527356087901,0.017574142584754537,0.021543015442413105,0.03519273948988916,-0.0040182707437498855,0.022536889143089267,0.004296099493017125,-0.012979271313472318,0.0026992750662275244,-0.02088343876700094,0.041964837327222226,-0.043466140265453757,-0.003414446111540903,-0.017662858794409042,-0.032540533248760606,-0.005381273087174732,-0.01906466974927462,-0.03982445660963979,0.016010788924932406,-0.05437364265473943
2005,0.012897853397960901,-0.018054060767098756,-0.0002037518054048837,-0.007220009803103777,-0.007241399981440577,0.009772515817279559,0.04908601546098762,0.0074358727403572855,0.005378255270331533,0.002993432233197424,0.0028888247214659546,0.007557280609370776,-0.031608057565485015,0.003292863474900154,-0.02024408687319057,0.018223674802220813,0.008597844982657754,0.02128229651230229,0.015202527502279128,-0.04089841332837901,0.013077475540756556,0.03213989076446189,-0.013916091668319253,-0.06502763699637404,-0.007127213169640267,-0.0060275111251854585
2006,0.012687392977273726,-0.008820586214612125,-0.02030719483673482,0.005674508677271262,0.019201694666204805,0.0015109298665207382,0.033657495601471854,0.007520221069372279,-0.011893658777924976,-0.028291736349379648,0.01205221381756244,-0.0019664560174031953,0.00196548653356865,-0.04128202201297565,-0.015436941439266383,-0.016438703181222536,0.05963055811155177,0.022906433906613732,0.0022357594695760485,0.0276002873786807,0.029607326128916367,-0.011846703101655809,0.0002601235889027609,0.016028190309447854,-0.029865795653716554,-0.0343307944889264
2007,-0.01310995381822605,-0.002462150823203779,0.003276429974692574,-0.015350380452850865,0.048390175711559236,-0.04436307820298069,0.021478993661829038,-0.004341637468754045,0.026975767098784575,-0.015655988628271167,0.022438993479012792,0.016992755202596244,0.03244696486517862,0.003255481558579909,-0.018446552961985163,0.005050383075851206,-0.015058177974897557,-0.03677575496130059,-0.012532781284872452,0.009908774108806029,0.020911806423783985,-0.0591075352611114,0.007580633771436862,-0.03588288220890801,0.03428353251075844,-0.007540937230042788
2008,0.010939067980806017,-0.01101118404486423,-0.025876543927443596,-0.003364557176735894,0.05102695889244424,-0.02627426719770637,-0.041697814488523444,0.003269076372289903,-0.00047282355077737925,-0.007472108493034035,-0.009170654259677835,-0.014066894013510967,0.019096882518922387,-0.007780121620672875,0.014166375839700818,-0.007385349169544142,0.05512782720460546,0.007942876818943567,0.01921826463499765,0.008672545328056613,-0.007611727339276841,-0.018448441857343012,-0.03584594178228556,0.044541829593036875,0.05066790329475607,0.010361259732044159
2009,0.001268046456778693,0.0069627008418873815,-0.013059428144429175,-0.008007399955651251,0.01911452648045897,0.03547325479136665,0.031820929635514916,0.006017636227270362,-0.004635566983725359,-0.0014104573192875725,-0.016044602958362908,-0.016224462108371807,-0.022500694817440214,0.0125809721812139,-0.03203558335206669,-0.030888660628448417,-0.03311841383933706,-0.02999341047144355,-0.0026526298725167985,-0.0028460512105002445,0.009852438882260284,0.0011865150797041868,0.022975608694704386,0.09313816102088535,-0.0066618882424287484,0.0021792215159789907
2010,0.006528580132828976,-0.023507012309177122,0.016015415414123546,-0.006124882921246688,-0.016134016030910248,0.0017073226166817168,-0.03226796598775794,-0.011139291013691766,0.0007578349306136545,0.04932669295929193,0.004212513374094451,0.019176689928610435,0.056684911102397484,-0.030574664977724486,0.007789554562800893,-0.005096444691760904,-0.006075244562107562,-0.024641675313308853,0.010786712332425563,-0.012175829048203912,0.008897818224875897,0.0006592771538364572,0.005661104920732518,-0.014060258480027787,-0.062038332896484694,0.019410753997355035
2011,-0.0039699499312120246,-0.007430978671746358,0.013486702356593439,0.001254572173694457,-0.017845584429974526,0.04200599490073231,-0.03701820893802027,-0.0015685300889213272,-0.01071612963376789,-0.019204034033451944,0.003690003307910028,0.007336505371328905,0.00979241834514566,0.011480108064619743,0.003888175031536989,-0.02660416674648014,-0.05777569938614291,0.048342495278647646,0.0020453443101349222,0.012329637926386416,0.02445898960847992,-0.008448008914412053,-0.013521277790387143,-0.006426650506298481,0.08005564292814071,0.025287792202895454
2012,0.04663370405749889,0.03190986760448933,-0.006834500572589053,0.09297426707223888,0.04476965925862231,0.026813345052577042,-0.040732935077036625,0.0902656009884586,-0.08831835420278972,0.0829531044196622,-0.11066988252801535,0.052987029126711715,0.12303922420090196,0.09819414911346208,-0.0392218931683056,-0.05363670570914747,0.026384905993286745,0.027364521999859392,0.032963654114322505,-0.12837299530866164,-0.00295287197113836,-0.02538215364727825,-0.005054002878469632,-0.020254665451596487,-0.10674306176515863,0.04553571955987401
2013,0.023344459706075016,0.1298590127547421,-0.03462722791531647,-0.017206795267540043,0.04093945532714005,0.07078672028572064,0.038759837215975645,0.04742002404541601,-0.06597325618217204,-0.027281487930690906,-0.021341913415127534,0.011607633482475399,0.046797420100114784,0.09250116142294401,-0.027752888259627795,-0.07593131273812198,-0.18236494778533902,0.007735865135640285,0.035906001829506984,0.05141004832288415,-0.016469241353743502,-0.06966317660534294,0.024789963551253735,0.018119921014468687,-0.08119864325922388,0.0464326534179299
2014,0.10566520613328467,0.0830806536671802,0.015701760458364855,0.07475544827697811,0.046296377488261986,0.15799363588078574,0.08001586035608788,0.1187436814629429,-0.06857232868576585,0.09891869063849679,-0.10805869486874214,-0.04817412660536935,0.07425160676946169,0.07158637326078604,-0.007146538990915607,-0.08872705057876545,-0.06303331782117677,-0.08892263479949897,0.04082294711165424,-0.14791780222374862,-0.09556307407493914,-0.013315711755584603,-0.07013022269167885,-0.04948908885948278,-0.03304246966226554,0.1403448382334339
2015,0.06648740220983951,0.2090591466678957,-0.1314301394083247,-0.03463651503983045,0.15920408520326929,0.14331050444109683,0.030958530034924103,0.05895120153658495,-0.07973011821945652,0.022104469467313592,0.029160828793045657,-0.040585320240937084,-0.016889831199129568,0.20600173526035237,-0.14277146082054326,-0.1413017097324868,-0.09805625516174221,-0.06821919732447235,0.05007022509803055,-0.06010756416003271,-0.16650708087943633,-0.0730490912901659,0.022077022298328752,-0.015009272799794138,-0.024521135663328475,0.11758600080771198
2016,0.06698531052863066,0.17505866316108543,0.016325997259685032,-0.05444019473491468,0.06386526844047391,0.17141412688191082,0.04152317319243837,0.03602062108464643,-0.054640877752283434,0.04307030343809448,0.037437544730504424,-0.07144508098245383,0.0027341446675948067,0.2756942043582685,-0.18491080888684475,-0.1516633312851407,0.0852512575893013,-0.046873370709020756,0.03537147007142771,-0.1982192566717405,-0.08673779404472115,-0.045454609756633846,-0.08211781170139981,0.004955152770872551,-0.06828575359276357,0.08058260270516904
2017,0.08757636449753958,0.15272303304650836,0.0331790058008925,-0.005248884115562458,0.03285328648865471,0.2037881837922798,0.03437742468463961,0.07553003297683536,-0.004013879552056787,0.05250589388477678,0.015833414952984626,-0.10337565686748196,-0.06661858121616632,0.2902998690143841,-0.1479937584987951,-0.14436691645869476,-0.10173924043424942,-0.18215844397373038,0.007341929379759304,-0.0646943361312805,-0.08041828945273699,-0.09247517025088614,-0.06618677556394004,-0.02031717136190292,-0.048235973011385325,0.12404446826906812
2018,0.059669343907128525,0.18293203022718196,0.021783419137881066,-0.04894033243025575,0.045535892922712984,0.208866635121581,0.036842914002971794,0.014498996194076574,-0.09800822227137929,0.032914982904385215,0.037653985731616824,-0.11150903169860293,-0.03379602093116385,0.2607449415043484,-0.17517030539630407,-0.15654356971520983,0.011291682854721041,-0.10191242194581174,0.10133368045615898,-0.1579767069595639,-0.03160958066377029,-0.03945917292733658,-0.06350168946078633,-0.053499201792447604,-0.06372844365039021,0.14355034440867587
2019,-0.019378304588151485,0.21004726557023495,-0.10978509844482509,0.04482072518329716,0.11264075417263186,0.18374581909327392,-0.07168081194606013,0.027512141733910922,-0.13323568340513048,0.0029016226623269636,-0.06169064720151468,-0.08271392780134967,-0.10112561294247108,0.27480753145641945,-0.17202188610498237,-0.15308405813628873,-0.0719876564707026,-0.02417748918641205,0.14399744203970388,-0.07311442987686417,-0.11123041625451935,-0.05467909754969791,0.06367554954412091,-0.0017222392065011638,-0.06230470572466895,0.1462578152182339
2020,0.043728507163687924,0.17906407042550365,0.010245625204233777,0.047675035319673875,0.022980032693689867,0.1559976793151867,-0.038028099256070536,0.1224879556556594,-0.08769025572327194,0.010455295436156975,-0.059166773390999516,-0.0783559656157291,-0.017469824110295518,0.1973793629887982,-0.11581244314835692,-0.15702154721647005,0.022813251249287514,-0.18089527033400005,0.079834812516834,-0.1032238788117737,0.021881895477678825,0.0009471118298413073,-0.05772683468712919,0.00040616008304406037,-0.12777642133543493,0.08144996390979264
