institution,unitid,state,control,carnegie,quarter,event_q,post,intl_share,total_enroll,ai_addressed,n_ai_terms,text_len,prohibition_present,detector_surveillance_present,misconduct_framing_present,sanction_present,permitted_use_present,disclosure_present,appeal_present,l2_protection_present,restrictive_idx,procedural_idx,net_restrictiveness,ai_governance_intensity
Arizona State University,104151,AZ,Public,R1,2021Q1,-7,0,0.145,80065.0,0,0.0,1185.0,0,0,0,0,0,0,0,0,0,0,0,0
Arizona State University,104151,AZ,Public,R1,2021Q2,-6,0,0.145,80065.0,0,0.0,1064.0,0,0,0,0,0,0,0,0,0,0,0,0
Arizona State University,104151,AZ,Public,R1,2021Q3,-5,0,0.145,80065.0,0,0.0,1064.0,0,0,0,0,0,0,0,0,0,0,0,0
Arizona State University,104151,AZ,Public,R1,2021Q4,-4,0,0.145,80065.0,0,0.0,1068.0,0,0,0,0,0,0,0,0,0,0,0,0
Arizona State University,104151,AZ,Public,R1,2022Q1,-3,0,0.145,80065.0,0,0.0,1081.0,0,0,0,0,0,0,0,0,0,0,0,0
Arizona State University,104151,AZ,Public,R1,2022Q2,-2,0,0.145,80065.0,0,0.0,1081.0,0,0,0,0,0,0,0,0,0,0,0,0
Arizona State University,104151,AZ,Public,R1,2022Q3,-1,0,0.145,80065.0,0,0.0,1057.0,0,0,0,0,0,0,0,0,0,0,0,0
Arizona State University,104151,AZ,Public,R1,2022Q4,0,1,0.145,80065.0,0,0.0,1057.0,0,0,0,0,0,0,0,0,0,0,0,0
Arizona State University,104151,AZ,Public,R1,2023Q1,1,1,0.145,80065.0,0,0.0,801.0,0,0,0,0,0,0,0,0,0,0,0,0
Arizona State University,104151,AZ,Public,R1,2023Q2,2,1,0.145,80065.0,1,37.0,1001.0,0,0,1,0,1,1,0,0,1,2,-1,3
Arizona State University,104151,AZ,Public,R1,2023Q3,3,1,0.145,80065.0,1,54.0,1191.0,1,0,1,0,1,1,0,0,2,2,0,4
Arizona State University,104151,AZ,Public,R1,2023Q4,4,1,0.145,80065.0,1,54.0,1191.0,1,0,1,0,1,1,0,0,2,2,0,4
Arizona State University,104151,AZ,Public,R1,2024Q1,5,1,0.145,80065.0,1,54.0,1191.0,1,0,1,0,1,1,0,0,2,2,0,4
Arizona State University,104151,AZ,Public,R1,2024Q2,6,1,0.145,80065.0,1,54.0,1189.0,1,0,1,0,1,1,0,0,2,2,0,4
Arizona State University,104151,AZ,Public,R1,2024Q3,7,1,0.145,80065.0,1,54.0,1189.0,1,0,1,0,1,1,0,0,2,2,0,4
Arizona State University,104151,AZ,Public,R1,2024Q4,8,1,0.145,80065.0,1,54.0,1189.0,1,0,1,0,1,1,0,0,2,2,0,4
California Polytechnic State University-San Luis Obispo,110422,CA,Public,M,2021Q1,-7,0,0.0151,22000.0,0,0.0,9735.0,0,0,0,0,0,0,0,0,0,0,0,0
California Polytechnic State University-San Luis Obispo,110422,CA,Public,M,2021Q2,-6,0,0.0151,22000.0,1,5.0,9399.0,0,0,0,1,0,0,0,0,1,0,1,1
California Polytechnic State University-San Luis Obispo,110422,CA,Public,M,2021Q3,-5,0,0.0151,22000.0,1,5.0,9357.0,0,0,0,1,0,0,0,0,1,0,1,1
California Polytechnic State University-San Luis Obispo,110422,CA,Public,M,2021Q4,-4,0,0.0151,22000.0,1,5.0,9357.0,0,0,0,1,0,0,0,0,1,0,1,1
California Polytechnic State University-San Luis Obispo,110422,CA,Public,M,2022Q1,-3,0,0.0151,22000.0,1,5.0,9357.0,0,0,0,1,0,0,0,0,1,0,1,1
California Polytechnic State University-San Luis Obispo,110422,CA,Public,M,2022Q2,-2,0,0.0151,22000.0,1,5.0,9534.0,0,0,0,1,0,0,0,0,1,0,1,1
California Polytechnic State University-San Luis Obispo,110422,CA,Public,M,2022Q3,-1,0,0.0151,22000.0,1,5.0,10144.0,0,0,0,1,0,0,0,0,1,0,1,1
California Polytechnic State University-San Luis Obispo,110422,CA,Public,M,2022Q4,0,1,0.0151,22000.0,1,5.0,10144.0,0,0,0,1,0,0,0,0,1,0,1,1
California Polytechnic State University-San Luis Obispo,110422,CA,Public,M,2023Q1,1,1,0.0151,22000.0,1,5.0,10146.0,0,0,0,1,0,0,0,0,1,0,1,1
California Polytechnic State University-San Luis Obispo,110422,CA,Public,M,2023Q2,2,1,0.0151,22000.0,1,5.0,10146.0,0,0,0,1,0,0,0,0,1,0,1,1
California Polytechnic State University-San Luis Obispo,110422,CA,Public,M,2023Q3,3,1,0.0151,22000.0,1,5.0,10191.0,0,0,0,1,0,0,0,0,1,0,1,1
California Polytechnic State University-San Luis Obispo,110422,CA,Public,M,2023Q4,4,1,0.0151,22000.0,1,5.0,10191.0,0,0,0,1,0,0,0,0,1,0,1,1
California Polytechnic State University-San Luis Obispo,110422,CA,Public,M,2024Q1,5,1,0.0151,22000.0,1,5.0,10191.0,0,0,0,1,0,0,0,0,1,0,1,1
California Polytechnic State University-San Luis Obispo,110422,CA,Public,M,2024Q2,6,1,0.0151,22000.0,1,5.0,10191.0,0,0,0,1,0,0,0,0,1,0,1,1
California Polytechnic State University-San Luis Obispo,110422,CA,Public,M,2024Q3,7,1,0.0151,22000.0,1,5.0,10191.0,0,0,0,1,0,0,0,0,1,0,1,1
California Polytechnic State University-San Luis Obispo,110422,CA,Public,M,2024Q4,8,1,0.0151,22000.0,1,5.0,10191.0,0,0,0,1,0,0,0,0,1,0,1,1
University of California-Davis,110644,CA,Public,R1,2021Q1,-7,0,0.1546,39679.0,0,0.0,0.0,0,0,0,0,0,0,0,0,0,0,0,0
University of California-Davis,110644,CA,Public,R1,2021Q2,-6,0,0.1546,39679.0,0,0.0,1144.0,0,0,0,0,0,0,0,0,0,0,0,0
University of California-Davis,110644,CA,Public,R1,2021Q3,-5,0,0.1546,39679.0,0,0.0,1144.0,0,0,0,0,0,0,0,0,0,0,0,0
University of California-Davis,110644,CA,Public,R1,2021Q4,-4,0,0.1546,39679.0,0,0.0,1144.0,0,0,0,0,0,0,0,0,0,0,0,0
University of California-Davis,110644,CA,Public,R1,2022Q1,-3,0,0.1546,39679.0,0,0.0,1110.0,0,0,0,0,0,0,0,0,0,0,0,0
University of California-Davis,110644,CA,Public,R1,2022Q2,-2,0,0.1546,39679.0,0,0.0,1110.0,0,0,0,0,0,0,0,0,0,0,0,0
University of California-Davis,110644,CA,Public,R1,2022Q3,-1,0,0.1546,39679.0,0,0.0,1110.0,0,0,0,0,0,0,0,0,0,0,0,0
University of California-Davis,110644,CA,Public,R1,2022Q4,0,1,0.1546,39679.0,0,0.0,1110.0,0,0,0,0,0,0,0,0,0,0,0,0
University of California-Davis,110644,CA,Public,R1,2023Q1,1,1,0.1546,39679.0,0,0.0,1110.0,0,0,0,0,0,0,0,0,0,0,0,0
University of California-Davis,110644,CA,Public,R1,2023Q2,2,1,0.1546,39679.0,0,0.0,1110.0,0,0,0,0,0,0,0,0,0,0,0,0
University of California-Davis,110644,CA,Public,R1,2023Q3,3,1,0.1546,39679.0,0,0.0,1115.0,0,0,0,0,0,0,0,0,0,0,0,0
University of California-Davis,110644,CA,Public,R1,2023Q4,4,1,0.1546,39679.0,0,0.0,1115.0,0,0,0,0,0,0,0,0,0,0,0,0
University of California-Davis,110644,CA,Public,R1,2024Q1,5,1,0.1546,39679.0,0,0.0,1115.0,0,0,0,0,0,0,0,0,0,0,0,0
University of California-Davis,110644,CA,Public,R1,2024Q2,6,1,0.1546,39679.0,0,0.0,1110.0,0,0,0,0,0,0,0,0,0,0,0,0
University of California-Davis,110644,CA,Public,R1,2024Q3,7,1,0.1546,39679.0,0,0.0,1110.0,0,0,0,0,0,0,0,0,0,0,0,0
University of California-Davis,110644,CA,Public,R1,2024Q4,8,1,0.1546,39679.0,0,0.0,1110.0,0,0,0,0,0,0,0,0,0,0,0,0
University of California-Irvine,110653,CA,Public,R1,2021Q1,-7,0,0.1699,35937.0,0,0.0,0.0,0,0,0,0,0,0,0,0,0,0,0,0
University of California-Irvine,110653,CA,Public,R1,2021Q2,-6,0,0.1699,35937.0,1,1.0,335.0,0,0,0,0,0,0,0,0,0,0,0,0
University of California-Irvine,110653,CA,Public,R1,2021Q3,-5,0,0.1699,35937.0,1,1.0,341.0,0,0,0,0,0,0,0,0,0,0,0,0
University of California-Irvine,110653,CA,Public,R1,2021Q4,-4,0,0.1699,35937.0,1,1.0,341.0,0,0,0,0,0,0,0,0,0,0,0,0
University of California-Irvine,110653,CA,Public,R1,2022Q1,-3,0,0.1699,35937.0,1,1.0,341.0,0,0,0,0,0,0,0,0,0,0,0,0
University of California-Irvine,110653,CA,Public,R1,2022Q2,-2,0,0.1699,35937.0,1,1.0,341.0,0,0,0,0,0,0,0,0,0,0,0,0
University of California-Irvine,110653,CA,Public,R1,2022Q3,-1,0,0.1699,35937.0,1,1.0,297.0,0,0,0,0,0,0,0,0,0,0,0,0
University of California-Irvine,110653,CA,Public,R1,2022Q4,0,1,0.1699,35937.0,1,1.0,297.0,0,0,0,0,0,0,0,0,0,0,0,0
University of California-Irvine,110653,CA,Public,R1,2023Q1,1,1,0.1699,35937.0,0,0.0,327.0,0,0,0,0,0,0,0,0,0,0,0,0
University of California-Irvine,110653,CA,Public,R1,2023Q2,2,1,0.1699,35937.0,0,0.0,327.0,0,0,0,0,0,0,0,0,0,0,0,0
University of California-Irvine,110653,CA,Public,R1,2023Q3,3,1,0.1699,35937.0,0,0.0,327.0,0,0,0,0,0,0,0,0,0,0,0,0
University of California-Irvine,110653,CA,Public,R1,2023Q4,4,1,0.1699,35937.0,0,0.0,327.0,0,0,0,0,0,0,0,0,0,0,0,0
University of California-Irvine,110653,CA,Public,R1,2024Q1,5,1,0.1699,35937.0,0,0.0,327.0,0,0,0,0,0,0,0,0,0,0,0,0
University of California-Irvine,110653,CA,Public,R1,2024Q2,6,1,0.1699,35937.0,1,42.0,1696.0,0,1,0,1,0,1,0,0,2,1,1,3
University of California-Irvine,110653,CA,Public,R1,2024Q3,7,1,0.1699,35937.0,1,42.0,1700.0,0,1,0,1,0,1,0,0,2,1,1,3
University of California-Irvine,110653,CA,Public,R1,2024Q4,8,1,0.1699,35937.0,1,42.0,1700.0,0,1,0,1,0,1,0,0,2,1,1,3
University of California-Los Angeles,110662,CA,Public,R1,2021Q1,-7,0,0.1415,46430.0,0,0.0,189.0,0,0,0,0,0,0,0,0,0,0,0,0
University of California-Los Angeles,110662,CA,Public,R1,2021Q2,-6,0,0.1415,46430.0,0,0.0,212.0,0,0,0,0,0,0,0,0,0,0,0,0
University of California-Los Angeles,110662,CA,Public,R1,2021Q3,-5,0,0.1415,46430.0,0,0.0,209.0,0,0,0,0,0,0,0,0,0,0,0,0
University of California-Los Angeles,110662,CA,Public,R1,2021Q4,-4,0,0.1415,46430.0,0,0.0,210.0,0,0,0,0,0,0,0,0,0,0,0,0
University of California-Los Angeles,110662,CA,Public,R1,2022Q1,-3,0,0.1415,46430.0,0,0.0,210.0,0,0,0,0,0,0,0,0,0,0,0,0
University of California-Los Angeles,110662,CA,Public,R1,2022Q2,-2,0,0.1415,46430.0,0,0.0,210.0,0,0,0,0,0,0,0,0,0,0,0,0
University of California-Los Angeles,110662,CA,Public,R1,2022Q3,-1,0,0.1415,46430.0,0,0.0,210.0,0,0,0,0,0,0,0,0,0,0,0,0
University of California-Los Angeles,110662,CA,Public,R1,2022Q4,0,1,0.1415,46430.0,0,0.0,210.0,0,0,0,0,0,0,0,0,0,0,0,0
University of California-Los Angeles,110662,CA,Public,R1,2023Q1,1,1,0.1415,46430.0,0,0.0,209.0,0,0,0,0,0,0,0,0,0,0,0,0
University of California-Los Angeles,110662,CA,Public,R1,2023Q2,2,1,0.1415,46430.0,0,0.0,209.0,0,0,0,0,0,0,0,0,0,0,0,0
University of California-Los Angeles,110662,CA,Public,R1,2023Q3,3,1,0.1415,46430.0,0,0.0,209.0,0,0,0,0,0,0,0,0,0,0,0,0
University of California-Los Angeles,110662,CA,Public,R1,2023Q4,4,1,0.1415,46430.0,0,0.0,172.0,0,0,0,0,0,0,0,0,0,0,0,0
University of California-Los Angeles,110662,CA,Public,R1,2024Q1,5,1,0.1415,46430.0,0,0.0,172.0,0,0,0,0,0,0,0,0,0,0,0,0
University of California-Los Angeles,110662,CA,Public,R1,2024Q2,6,1,0.1415,46430.0,0,0.0,172.0,0,0,0,0,0,0,0,0,0,0,0,0
University of California-Los Angeles,110662,CA,Public,R1,2024Q3,7,1,0.1415,46430.0,0,0.0,172.0,0,0,0,0,0,0,0,0,0,0,0,0
University of California-Los Angeles,110662,CA,Public,R1,2024Q4,8,1,0.1415,46430.0,0,0.0,211.0,0,0,0,0,0,0,0,0,0,0,0,0
University of California-San Diego,110680,CA,Public,R1,2021Q1,-7,0,0.2044,42006.0,0,0.0,0.0,0,0,0,0,0,0,0,0,0,0,0,0
University of California-San Diego,110680,CA,Public,R1,2021Q2,-6,0,0.2044,42006.0,1,2.0,269.0,0,0,1,0,0,0,1,0,1,1,0,2
University of California-San Diego,110680,CA,Public,R1,2021Q3,-5,0,0.2044,42006.0,1,2.0,269.0,0,0,1,0,0,0,1,0,1,1,0,2
University of California-San Diego,110680,CA,Public,R1,2021Q4,-4,0,0.2044,42006.0,1,4.0,3613.0,0,0,1,0,0,0,1,0,1,1,0,2
University of California-San Diego,110680,CA,Public,R1,2022Q1,-3,0,0.2044,42006.0,1,4.0,3613.0,0,0,1,0,0,0,1,0,1,1,0,2
University of California-San Diego,110680,CA,Public,R1,2022Q2,-2,0,0.2044,42006.0,1,4.0,3613.0,0,0,1,0,0,0,1,0,1,1,0,2
University of California-San Diego,110680,CA,Public,R1,2022Q3,-1,0,0.2044,42006.0,1,4.0,3613.0,0,0,1,0,0,0,1,0,1,1,0,2
University of California-San Diego,110680,CA,Public,R1,2022Q4,0,1,0.2044,42006.0,1,4.0,3613.0,0,0,1,0,0,0,1,0,1,1,0,2
University of California-San Diego,110680,CA,Public,R1,2023Q1,1,1,0.2044,42006.0,1,3.0,3613.0,0,0,1,0,0,0,1,0,1,1,0,2
University of California-San Diego,110680,CA,Public,R1,2023Q2,2,1,0.2044,42006.0,1,44.0,4559.0,1,0,1,1,1,1,1,0,3,3,0,6
University of California-San Diego,110680,CA,Public,R1,2023Q3,3,1,0.2044,42006.0,1,44.0,4559.0,1,0,1,1,1,1,1,0,3,3,0,6
University of California-San Diego,110680,CA,Public,R1,2023Q4,4,1,0.2044,42006.0,1,44.0,4559.0,1,0,1,1,1,1,1,0,3,3,0,6
University of California-San Diego,110680,CA,Public,R1,2024Q1,5,1,0.2044,42006.0,1,44.0,4559.0,1,0,1,1,1,1,1,0,3,3,0,6
University of California-San Diego,110680,CA,Public,R1,2024Q2,6,1,0.2044,42006.0,1,51.0,4927.0,1,0,1,1,1,1,1,0,3,3,0,6
University of California-San Diego,110680,CA,Public,R1,2024Q3,7,1,0.2044,42006.0,1,51.0,4927.0,1,0,1,1,1,1,1,0,3,3,0,6
University of California-San Diego,110680,CA,Public,R1,2024Q4,8,1,0.2044,42006.0,1,30.0,3613.0,0,0,1,0,0,0,1,0,1,1,0,2
Santa Clara University,122931,CA,Private,M,2021Q1,-7,0,0.1422,9178.0,0,0.0,0.0,0,0,0,0,0,0,0,0,0,0,0,0
Santa Clara University,122931,CA,Private,M,2021Q2,-6,0,0.1422,9178.0,0,0.0,798.0,0,0,0,0,0,0,0,0,0,0,0,0
Santa Clara University,122931,CA,Private,M,2021Q3,-5,0,0.1422,9178.0,0,0.0,798.0,0,0,0,0,0,0,0,0,0,0,0,0
Santa Clara University,122931,CA,Private,M,2021Q4,-4,0,0.1422,9178.0,0,0.0,798.0,0,0,0,0,0,0,0,0,0,0,0,0
Santa Clara University,122931,CA,Private,M,2022Q1,-3,0,0.1422,9178.0,0,0.0,798.0,0,0,0,0,0,0,0,0,0,0,0,0
Santa Clara University,122931,CA,Private,M,2022Q2,-2,0,0.1422,9178.0,0,0.0,798.0,0,0,0,0,0,0,0,0,0,0,0,0
Santa Clara University,122931,CA,Private,M,2022Q3,-1,0,0.1422,9178.0,0,0.0,798.0,0,0,0,0,0,0,0,0,0,0,0,0
Santa Clara University,122931,CA,Private,M,2022Q4,0,1,0.1422,9178.0,0,0.0,798.0,0,0,0,0,0,0,0,0,0,0,0,0
Santa Clara University,122931,CA,Private,M,2023Q1,1,1,0.1422,9178.0,0,0.0,798.0,0,0,0,0,0,0,0,0,0,0,0,0
Santa Clara University,122931,CA,Private,M,2023Q2,2,1,0.1422,9178.0,0,0.0,798.0,0,0,0,0,0,0,0,0,0,0,0,0
Santa Clara University,122931,CA,Private,M,2023Q3,3,1,0.1422,9178.0,0,0.0,798.0,0,0,0,0,0,0,0,0,0,0,0,0
Santa Clara University,122931,CA,Private,M,2023Q4,4,1,0.1422,9178.0,1,1.0,798.0,0,0,0,0,0,0,0,0,0,0,0,0
Santa Clara University,122931,CA,Private,M,2024Q1,5,1,0.1422,9178.0,1,1.0,798.0,0,0,0,0,0,0,0,0,0,0,0,0
Santa Clara University,122931,CA,Private,M,2024Q2,6,1,0.1422,9178.0,1,1.0,798.0,0,0,0,0,0,0,0,0,0,0,0,0
Santa Clara University,122931,CA,Private,M,2024Q3,7,1,0.1422,9178.0,1,1.0,788.0,0,0,0,0,0,0,0,0,0,0,0,0
Santa Clara University,122931,CA,Private,M,2024Q4,8,1,0.1422,9178.0,1,1.0,779.0,0,0,0,0,0,0,0,0,0,0,0,0
Colorado State University,126818,CO,Public,R1,2021Q1,-7,0,0.0475,33403.0,1,14.0,2114.0,0,0,0,0,0,0,0,0,0,0,0,0
Colorado State University,126818,CO,Public,R1,2021Q2,-6,0,0.0475,33403.0,1,14.0,2114.0,0,0,0,0,0,0,0,0,0,0,0,0
Colorado State University,126818,CO,Public,R1,2021Q3,-5,0,0.0475,33403.0,1,14.0,2114.0,0,0,0,0,0,0,0,0,0,0,0,0
Colorado State University,126818,CO,Public,R1,2021Q4,-4,0,0.0475,33403.0,1,14.0,2155.0,0,0,0,0,0,0,0,0,0,0,0,0
Colorado State University,126818,CO,Public,R1,2022Q1,-3,0,0.0475,33403.0,1,14.0,2155.0,0,0,0,0,0,0,0,0,0,0,0,0
Colorado State University,126818,CO,Public,R1,2022Q2,-2,0,0.0475,33403.0,1,14.0,2155.0,0,0,0,0,0,0,0,0,0,0,0,0
Colorado State University,126818,CO,Public,R1,2022Q3,-1,0,0.0475,33403.0,1,14.0,2155.0,0,0,0,0,0,0,0,0,0,0,0,0
Colorado State University,126818,CO,Public,R1,2022Q4,0,1,0.0475,33403.0,1,14.0,2273.0,0,0,0,0,0,0,0,0,0,0,0,0
Colorado State University,126818,CO,Public,R1,2023Q1,1,1,0.0475,33403.0,1,14.0,2273.0,0,0,0,0,0,0,0,0,0,0,0,0
Colorado State University,126818,CO,Public,R1,2023Q2,2,1,0.0475,33403.0,1,14.0,2273.0,0,0,0,0,0,0,0,0,0,0,0,0
Colorado State University,126818,CO,Public,R1,2023Q3,3,1,0.0475,33403.0,1,14.0,2273.0,0,0,0,0,0,0,0,0,0,0,0,0
Colorado State University,126818,CO,Public,R1,2023Q4,4,1,0.0475,33403.0,1,14.0,2331.0,0,0,0,0,0,0,0,0,0,0,0,0
Colorado State University,126818,CO,Public,R1,2024Q1,5,1,0.0475,33403.0,1,14.0,2331.0,0,0,0,0,0,0,0,0,0,0,0,0
Colorado State University,126818,CO,Public,R1,2024Q2,6,1,0.0475,33403.0,1,14.0,2331.0,0,0,0,0,0,0,0,0,0,0,0,0
Colorado State University,126818,CO,Public,R1,2024Q3,7,1,0.0475,33403.0,1,14.0,2331.0,0,0,0,0,0,0,0,0,0,0,0,0
Colorado State University,126818,CO,Public,R1,2024Q4,8,1,0.0475,33403.0,1,14.0,2339.0,0,0,0,0,0,0,0,0,0,0,0,0
Wesleyan University,130697,CT,Private,BAC,2021Q1,-7,0,0.1125,3253.0,0,0.0,0.0,0,0,0,0,0,0,0,0,0,0,0,0
Wesleyan University,130697,CT,Private,BAC,2021Q2,-6,0,0.1125,3253.0,0,0.0,973.0,0,0,0,0,0,0,0,0,0,0,0,0
Wesleyan University,130697,CT,Private,BAC,2021Q3,-5,0,0.1125,3253.0,0,0.0,973.0,0,0,0,0,0,0,0,0,0,0,0,0
Wesleyan University,130697,CT,Private,BAC,2021Q4,-4,0,0.1125,3253.0,0,0.0,973.0,0,0,0,0,0,0,0,0,0,0,0,0
Wesleyan University,130697,CT,Private,BAC,2022Q1,-3,0,0.1125,3253.0,0,0.0,973.0,0,0,0,0,0,0,0,0,0,0,0,0
Wesleyan University,130697,CT,Private,BAC,2022Q2,-2,0,0.1125,3253.0,0,0.0,973.0,0,0,0,0,0,0,0,0,0,0,0,0
Wesleyan University,130697,CT,Private,BAC,2022Q3,-1,0,0.1125,3253.0,0,0.0,973.0,0,0,0,0,0,0,0,0,0,0,0,0
Wesleyan University,130697,CT,Private,BAC,2022Q4,0,1,0.1125,3253.0,0,0.0,973.0,0,0,0,0,0,0,0,0,0,0,0,0
Wesleyan University,130697,CT,Private,BAC,2023Q1,1,1,0.1125,3253.0,0,0.0,948.0,0,0,0,0,0,0,0,0,0,0,0,0
Wesleyan University,130697,CT,Private,BAC,2023Q2,2,1,0.1125,3253.0,0,0.0,948.0,0,0,0,0,0,0,0,0,0,0,0,0
Wesleyan University,130697,CT,Private,BAC,2023Q3,3,1,0.1125,3253.0,0,0.0,950.0,0,0,0,0,0,0,0,0,0,0,0,0
Wesleyan University,130697,CT,Private,BAC,2023Q4,4,1,0.1125,3253.0,0,0.0,950.0,0,0,0,0,0,0,0,0,0,0,0,0
Wesleyan University,130697,CT,Private,BAC,2024Q1,5,1,0.1125,3253.0,0,0.0,950.0,0,0,0,0,0,0,0,0,0,0,0,0
Wesleyan University,130697,CT,Private,BAC,2024Q2,6,1,0.1125,3253.0,0,0.0,973.0,0,0,0,0,0,0,0,0,0,0,0,0
Wesleyan University,130697,CT,Private,BAC,2024Q3,7,1,0.1125,3253.0,0,0.0,973.0,0,0,0,0,0,0,0,0,0,0,0,0
Wesleyan University,130697,CT,Private,BAC,2024Q4,8,1,0.1125,3253.0,0,0.0,973.0,0,0,0,0,0,0,0,0,0,0,0,0
University of Central Florida,132903,FL,Public,R1,2021Q1,-7,0,0.0449,68346.0,0,0.0,1287.0,0,0,0,0,0,0,0,0,0,0,0,0
University of Central Florida,132903,FL,Public,R1,2021Q2,-6,0,0.0449,68346.0,0,0.0,1287.0,0,0,0,0,0,0,0,0,0,0,0,0
University of Central Florida,132903,FL,Public,R1,2021Q3,-5,0,0.0449,68346.0,0,0.0,1429.0,0,0,0,0,0,0,0,0,0,0,0,0
University of Central Florida,132903,FL,Public,R1,2021Q4,-4,0,0.0449,68346.0,0,0.0,1429.0,0,0,0,0,0,0,0,0,0,0,0,0
University of Central Florida,132903,FL,Public,R1,2022Q1,-3,0,0.0449,68346.0,0,0.0,1429.0,0,0,0,0,0,0,0,0,0,0,0,0
University of Central Florida,132903,FL,Public,R1,2022Q2,-2,0,0.0449,68346.0,0,0.0,1429.0,0,0,0,0,0,0,0,0,0,0,0,0
University of Central Florida,132903,FL,Public,R1,2022Q3,-1,0,0.0449,68346.0,0,0.0,1429.0,0,0,0,0,0,0,0,0,0,0,0,0
University of Central Florida,132903,FL,Public,R1,2022Q4,0,1,0.0449,68346.0,0,0.0,1429.0,0,0,0,0,0,0,0,0,0,0,0,0
University of Central Florida,132903,FL,Public,R1,2023Q1,1,1,0.0449,68346.0,0,0.0,1508.0,0,0,0,0,0,0,0,0,0,0,0,0
University of Central Florida,132903,FL,Public,R1,2023Q2,2,1,0.0449,68346.0,0,0.0,1510.0,0,0,0,0,0,0,0,0,0,0,0,0
University of Central Florida,132903,FL,Public,R1,2023Q3,3,1,0.0449,68346.0,0,0.0,1510.0,0,0,0,0,0,0,0,0,0,0,0,0
University of Central Florida,132903,FL,Public,R1,2023Q4,4,1,0.0449,68346.0,0,0.0,1510.0,0,0,0,0,0,0,0,0,0,0,0,0
University of Central Florida,132903,FL,Public,R1,2024Q1,5,1,0.0449,68346.0,0,0.0,1529.0,0,0,0,0,0,0,0,0,0,0,0,0
University of Central Florida,132903,FL,Public,R1,2024Q2,6,1,0.0449,68346.0,0,0.0,1529.0,0,0,0,0,0,0,0,0,0,0,0,0
University of Central Florida,132903,FL,Public,R1,2024Q3,7,1,0.0449,68346.0,0,0.0,1529.0,0,0,0,0,0,0,0,0,0,0,0,0
University of Central Florida,132903,FL,Public,R1,2024Q4,8,1,0.0449,68346.0,0,0.0,1513.0,0,0,0,0,0,0,0,0,0,0,0,0
Florida State University,134097,FL,Public,R1,2021Q1,-7,0,0.0469,44161.0,0,0.0,606.0,0,0,0,0,0,0,0,0,0,0,0,0
Florida State University,134097,FL,Public,R1,2021Q2,-6,0,0.0469,44161.0,0,0.0,605.0,0,0,0,0,0,0,0,0,0,0,0,0
Florida State University,134097,FL,Public,R1,2021Q3,-5,0,0.0469,44161.0,0,0.0,617.0,0,0,0,0,0,0,0,0,0,0,0,0
Florida State University,134097,FL,Public,R1,2021Q4,-4,0,0.0469,44161.0,0,0.0,609.0,0,0,0,0,0,0,0,0,0,0,0,0
Florida State University,134097,FL,Public,R1,2022Q1,-3,0,0.0469,44161.0,0,0.0,613.0,0,0,0,0,0,0,0,0,0,0,0,0
Florida State University,134097,FL,Public,R1,2022Q2,-2,0,0.0469,44161.0,0,0.0,613.0,0,0,0,0,0,0,0,0,0,0,0,0
Florida State University,134097,FL,Public,R1,2022Q3,-1,0,0.0469,44161.0,0,0.0,634.0,0,0,0,0,0,0,0,0,0,0,0,0
Florida State University,134097,FL,Public,R1,2022Q4,0,1,0.0469,44161.0,0,0.0,698.0,0,0,0,0,0,0,0,0,0,0,0,0
Florida State University,134097,FL,Public,R1,2023Q1,1,1,0.0469,44161.0,0,0.0,685.0,0,0,0,0,0,0,0,0,0,0,0,0
Florida State University,134097,FL,Public,R1,2023Q2,2,1,0.0469,44161.0,0,0.0,687.0,0,0,0,0,0,0,0,0,0,0,0,0
Florida State University,134097,FL,Public,R1,2023Q3,3,1,0.0469,44161.0,1,6.0,764.0,0,1,1,0,0,0,1,0,2,1,1,3
Florida State University,134097,FL,Public,R1,2023Q4,4,1,0.0469,44161.0,1,4.0,747.0,0,1,1,0,0,0,1,0,2,1,1,3
Florida State University,134097,FL,Public,R1,2024Q1,5,1,0.0469,44161.0,1,4.0,747.0,0,1,1,0,0,0,1,0,2,1,1,3
Florida State University,134097,FL,Public,R1,2024Q2,6,1,0.0469,44161.0,1,3.0,810.0,0,1,1,0,0,0,1,0,2,1,1,3
Florida State University,134097,FL,Public,R1,2024Q3,7,1,0.0469,44161.0,1,3.0,796.0,0,1,1,0,0,0,1,0,2,1,1,3
Florida State University,134097,FL,Public,R1,2024Q4,8,1,0.0469,44161.0,1,3.0,803.0,0,1,1,0,0,0,1,0,2,1,1,3
Emory University,139658,GA,Private,R1,2021Q1,-7,0,0.172,14841.0,0,0.0,325.0,0,0,0,0,0,0,0,0,0,0,0,0
Emory University,139658,GA,Private,R1,2021Q2,-6,0,0.172,14841.0,0,0.0,325.0,0,0,0,0,0,0,0,0,0,0,0,0
Emory University,139658,GA,Private,R1,2021Q3,-5,0,0.172,14841.0,0,0.0,516.0,0,0,0,0,0,0,0,0,0,0,0,0
Emory University,139658,GA,Private,R1,2021Q4,-4,0,0.172,14841.0,0,0.0,516.0,0,0,0,0,0,0,0,0,0,0,0,0
Emory University,139658,GA,Private,R1,2022Q1,-3,0,0.172,14841.0,0,0.0,516.0,0,0,0,0,0,0,0,0,0,0,0,0
Emory University,139658,GA,Private,R1,2022Q2,-2,0,0.172,14841.0,0,0.0,535.0,0,0,0,0,0,0,0,0,0,0,0,0
Emory University,139658,GA,Private,R1,2022Q3,-1,0,0.172,14841.0,0,0.0,535.0,0,0,0,0,0,0,0,0,0,0,0,0
Emory University,139658,GA,Private,R1,2022Q4,0,1,0.172,14841.0,0,0.0,535.0,0,0,0,0,0,0,0,0,0,0,0,0
Emory University,139658,GA,Private,R1,2023Q1,1,1,0.172,14841.0,0,0.0,535.0,0,0,0,0,0,0,0,0,0,0,0,0
Emory University,139658,GA,Private,R1,2023Q2,2,1,0.172,14841.0,0,0.0,531.0,0,0,0,0,0,0,0,0,0,0,0,0
Emory University,139658,GA,Private,R1,2023Q3,3,1,0.172,14841.0,0,0.0,529.0,0,0,0,0,0,0,0,0,0,0,0,0
Emory University,139658,GA,Private,R1,2023Q4,4,1,0.172,14841.0,0,0.0,529.0,0,0,0,0,0,0,0,0,0,0,0,0
Emory University,139658,GA,Private,R1,2024Q1,5,1,0.172,14841.0,1,3.0,555.0,0,0,0,0,0,0,0,0,0,0,0,0
Emory University,139658,GA,Private,R1,2024Q2,6,1,0.172,14841.0,1,3.0,487.0,0,0,0,0,0,0,0,0,0,0,0,0
Emory University,139658,GA,Private,R1,2024Q3,7,1,0.172,14841.0,1,3.0,487.0,0,0,0,0,0,0,0,0,0,0,0,0
Emory University,139658,GA,Private,R1,2024Q4,8,1,0.172,14841.0,1,3.0,487.0,0,0,0,0,0,0,0,0,0,0,0,0
Georgia State University,139940,GA,Public,R1,2021Q1,-7,0,0.0739,36516.0,0,0.0,0.0,0,0,0,0,0,0,0,0,0,0,0,0
Georgia State University,139940,GA,Public,R1,2021Q2,-6,0,0.0739,36516.0,0,0.0,0.0,0,0,0,0,0,0,0,0,0,0,0,0
Georgia State University,139940,GA,Public,R1,2021Q3,-5,0,0.0739,36516.0,1,10.0,1339.0,0,0,0,0,0,0,1,0,0,1,-1,1
Georgia State University,139940,GA,Public,R1,2021Q4,-4,0,0.0739,36516.0,1,10.0,1339.0,0,0,0,0,0,0,1,0,0,1,-1,1
Georgia State University,139940,GA,Public,R1,2022Q1,-3,0,0.0739,36516.0,1,10.0,2773.0,0,0,0,0,0,0,1,0,0,1,-1,1
Georgia State University,139940,GA,Public,R1,2022Q2,-2,0,0.0739,36516.0,1,10.0,2773.0,0,0,0,0,0,0,1,0,0,1,-1,1
Georgia State University,139940,GA,Public,R1,2022Q3,-1,0,0.0739,36516.0,1,10.0,2782.0,0,0,0,0,0,0,1,0,0,1,-1,1
Georgia State University,139940,GA,Public,R1,2022Q4,0,1,0.0739,36516.0,1,10.0,2786.0,0,0,0,0,0,0,1,0,0,1,-1,1
Georgia State University,139940,GA,Public,R1,2023Q1,1,1,0.0739,36516.0,1,10.0,2789.0,0,0,0,0,0,0,1,0,0,1,-1,1
Georgia State University,139940,GA,Public,R1,2023Q2,2,1,0.0739,36516.0,1,10.0,2790.0,0,0,0,0,0,0,1,0,0,1,-1,1
Georgia State University,139940,GA,Public,R1,2023Q3,3,1,0.0739,36516.0,1,10.0,2784.0,0,0,0,0,0,0,1,0,0,1,-1,1
Georgia State University,139940,GA,Public,R1,2023Q4,4,1,0.0739,36516.0,1,10.0,2790.0,0,0,0,0,0,0,1,0,0,1,-1,1
Georgia State University,139940,GA,Public,R1,2024Q1,5,1,0.0739,36516.0,1,10.0,2802.0,0,0,0,0,0,0,1,0,0,1,-1,1
Georgia State University,139940,GA,Public,R1,2024Q2,6,1,0.0739,36516.0,1,10.0,2802.0,0,0,0,0,0,0,1,0,0,1,-1,1
Georgia State University,139940,GA,Public,R1,2024Q3,7,1,0.0739,36516.0,1,22.0,2802.0,0,0,0,0,0,1,1,0,0,2,-2,2
Georgia State University,139940,GA,Public,R1,2024Q4,8,1,0.0739,36516.0,1,22.0,2503.0,0,0,0,0,0,1,1,0,0,2,-2,2
University of Illinois Chicago,145600,IL,Public,R1,2021Q1,-7,0,0.1263,33747.0,0,0.0,0.0,0,0,0,0,0,0,0,0,0,0,0,0
University of Illinois Chicago,145600,IL,Public,R1,2021Q2,-6,0,0.1263,33747.0,0,0.0,0.0,0,0,0,0,0,0,0,0,0,0,0,0
University of Illinois Chicago,145600,IL,Public,R1,2021Q3,-5,0,0.1263,33747.0,0,0.0,0.0,0,0,0,0,0,0,0,0,0,0,0,0
University of Illinois Chicago,145600,IL,Public,R1,2021Q4,-4,0,0.1263,33747.0,0,0.0,3839.0,0,0,0,0,0,0,0,0,0,0,0,0
University of Illinois Chicago,145600,IL,Public,R1,2022Q1,-3,0,0.1263,33747.0,0,0.0,3839.0,0,0,0,0,0,0,0,0,0,0,0,0
University of Illinois Chicago,145600,IL,Public,R1,2022Q2,-2,0,0.1263,33747.0,0,0.0,3839.0,0,0,0,0,0,0,0,0,0,0,0,0
University of Illinois Chicago,145600,IL,Public,R1,2022Q3,-1,0,0.1263,33747.0,0,0.0,3839.0,0,0,0,0,0,0,0,0,0,0,0,0
University of Illinois Chicago,145600,IL,Public,R1,2022Q4,0,1,0.1263,33747.0,0,0.0,3839.0,0,0,0,0,0,0,0,0,0,0,0,0
University of Illinois Chicago,145600,IL,Public,R1,2023Q1,1,1,0.1263,33747.0,0,0.0,3839.0,0,0,0,0,0,0,0,0,0,0,0,0
University of Illinois Chicago,145600,IL,Public,R1,2023Q2,2,1,0.1263,33747.0,0,0.0,3839.0,0,0,0,0,0,0,0,0,0,0,0,0
University of Illinois Chicago,145600,IL,Public,R1,2023Q3,3,1,0.1263,33747.0,1,212.0,6048.0,1,1,1,1,1,1,0,0,4,2,2,6
University of Illinois Chicago,145600,IL,Public,R1,2023Q4,4,1,0.1263,33747.0,1,213.0,6009.0,1,1,1,1,1,1,0,0,4,2,2,6
University of Illinois Chicago,145600,IL,Public,R1,2024Q1,5,1,0.1263,33747.0,1,213.0,6012.0,1,1,1,1,1,1,0,0,4,2,2,6
University of Illinois Chicago,145600,IL,Public,R1,2024Q2,6,1,0.1263,33747.0,1,208.0,5963.0,1,1,1,1,1,1,0,0,4,2,2,6
University of Illinois Chicago,145600,IL,Public,R1,2024Q3,7,1,0.1263,33747.0,1,208.0,5963.0,1,1,1,1,1,1,0,0,4,2,2,6
University of Illinois Chicago,145600,IL,Public,R1,2024Q4,8,1,0.1263,33747.0,1,208.0,5963.0,1,1,1,1,1,1,0,0,4,2,2,6
Northwestern University,147767,IL,Private,R1,2021Q1,-7,0,0.207,23161.0,0,0.0,0.0,0,0,0,0,0,0,0,0,0,0,0,0
Northwestern University,147767,IL,Private,R1,2021Q2,-6,0,0.207,23161.0,0,0.0,0.0,0,0,0,0,0,0,0,0,0,0,0,0
Northwestern University,147767,IL,Private,R1,2021Q3,-5,0,0.207,23161.0,0,0.0,0.0,0,0,0,0,0,0,0,0,0,0,0,0
Northwestern University,147767,IL,Private,R1,2021Q4,-4,0,0.207,23161.0,0,0.0,0.0,0,0,0,0,0,0,0,0,0,0,0,0
Northwestern University,147767,IL,Private,R1,2022Q1,-3,0,0.207,23161.0,0,0.0,1110.0,0,0,0,0,0,0,0,0,0,0,0,0
Northwestern University,147767,IL,Private,R1,2022Q2,-2,0,0.207,23161.0,0,0.0,1104.0,0,0,0,0,0,0,0,0,0,0,0,0
Northwestern University,147767,IL,Private,R1,2022Q3,-1,0,0.207,23161.0,0,0.0,1061.0,0,0,0,0,0,0,0,0,0,0,0,0
Northwestern University,147767,IL,Private,R1,2022Q4,0,1,0.207,23161.0,0,0.0,1061.0,0,0,0,0,0,0,0,0,0,0,0,0
Northwestern University,147767,IL,Private,R1,2023Q1,1,1,0.207,23161.0,1,2.0,1120.0,0,0,0,0,0,0,0,0,0,0,0,0
Northwestern University,147767,IL,Private,R1,2023Q2,2,1,0.207,23161.0,1,2.0,1120.0,0,0,0,0,0,0,0,0,0,0,0,0
Northwestern University,147767,IL,Private,R1,2023Q3,3,1,0.207,23161.0,1,2.0,1120.0,0,0,0,0,0,0,0,0,0,0,0,0
Northwestern University,147767,IL,Private,R1,2023Q4,4,1,0.207,23161.0,1,2.0,1120.0,0,0,0,0,0,0,0,0,0,0,0,0
Northwestern University,147767,IL,Private,R1,2024Q1,5,1,0.207,23161.0,1,2.0,1120.0,0,0,0,0,0,0,0,0,0,0,0,0
Northwestern University,147767,IL,Private,R1,2024Q2,6,1,0.207,23161.0,1,2.0,1120.0,0,0,0,0,0,0,0,0,0,0,0,0
Northwestern University,147767,IL,Private,R1,2024Q3,7,1,0.207,23161.0,1,2.0,1120.0,0,0,0,0,0,0,0,0,0,0,0,0
Northwestern University,147767,IL,Private,R1,2024Q4,8,1,0.207,23161.0,1,2.0,1120.0,0,0,0,0,0,0,0,0,0,0,0,0
University of Notre Dame,152080,IN,Private,R1,2021Q1,-7,0,0.1313,13105.0,0,0.0,625.0,0,0,0,0,0,0,0,0,0,0,0,0
University of Notre Dame,152080,IN,Private,R1,2021Q2,-6,0,0.1313,13105.0,0,0.0,627.0,0,0,0,0,0,0,0,0,0,0,0,0
University of Notre Dame,152080,IN,Private,R1,2021Q3,-5,0,0.1313,13105.0,0,0.0,627.0,0,0,0,0,0,0,0,0,0,0,0,0
University of Notre Dame,152080,IN,Private,R1,2021Q4,-4,0,0.1313,13105.0,0,0.0,627.0,0,0,0,0,0,0,0,0,0,0,0,0
University of Notre Dame,152080,IN,Private,R1,2022Q1,-3,0,0.1313,13105.0,0,0.0,627.0,0,0,0,0,0,0,0,0,0,0,0,0
University of Notre Dame,152080,IN,Private,R1,2022Q2,-2,0,0.1313,13105.0,0,0.0,627.0,0,0,0,0,0,0,0,0,0,0,0,0
University of Notre Dame,152080,IN,Private,R1,2022Q3,-1,0,0.1313,13105.0,0,0.0,627.0,0,0,0,0,0,0,0,0,0,0,0,0
University of Notre Dame,152080,IN,Private,R1,2022Q4,0,1,0.1313,13105.0,0,0.0,627.0,0,0,0,0,0,0,0,0,0,0,0,0
University of Notre Dame,152080,IN,Private,R1,2023Q1,1,1,0.1313,13105.0,0,0.0,627.0,0,0,0,0,0,0,0,0,0,0,0,0
University of Notre Dame,152080,IN,Private,R1,2023Q2,2,1,0.1313,13105.0,0,0.0,640.0,0,0,0,0,0,0,0,0,0,0,0,0
University of Notre Dame,152080,IN,Private,R1,2023Q3,3,1,0.1313,13105.0,0,0.0,640.0,0,0,0,0,0,0,0,0,0,0,0,0
University of Notre Dame,152080,IN,Private,R1,2023Q4,4,1,0.1313,13105.0,1,3.0,627.0,0,0,0,0,0,0,0,0,0,0,0,0
University of Notre Dame,152080,IN,Private,R1,2024Q1,5,1,0.1313,13105.0,1,3.0,627.0,0,0,0,0,0,0,0,0,0,0,0,0
University of Notre Dame,152080,IN,Private,R1,2024Q2,6,1,0.1313,13105.0,1,30.0,924.0,1,0,1,1,1,1,0,0,3,2,1,5
University of Notre Dame,152080,IN,Private,R1,2024Q3,7,1,0.1313,13105.0,1,31.0,823.0,1,1,1,1,1,1,0,0,4,2,2,6
University of Notre Dame,152080,IN,Private,R1,2024Q4,8,1,0.1313,13105.0,1,31.0,823.0,1,1,1,1,1,1,0,0,4,2,2,6
Tulane University of Louisiana,160755,LA,Private,R1,2021Q1,-7,0,0.1005,14027.0,0,0.0,0.0,0,0,0,0,0,0,0,0,0,0,0,0
Tulane University of Louisiana,160755,LA,Private,R1,2021Q2,-6,0,0.1005,14027.0,0,0.0,0.0,0,0,0,0,0,0,0,0,0,0,0,0
Tulane University of Louisiana,160755,LA,Private,R1,2021Q3,-5,0,0.1005,14027.0,0,0.0,0.0,0,0,0,0,0,0,0,0,0,0,0,0
Tulane University of Louisiana,160755,LA,Private,R1,2021Q4,-4,0,0.1005,14027.0,0,0.0,0.0,0,0,0,0,0,0,0,0,0,0,0,0
Tulane University of Louisiana,160755,LA,Private,R1,2022Q1,-3,0,0.1005,14027.0,0,0.0,1671.0,0,0,0,0,0,0,0,0,0,0,0,0
Tulane University of Louisiana,160755,LA,Private,R1,2022Q2,-2,0,0.1005,14027.0,0,0.0,1671.0,0,0,0,0,0,0,0,0,0,0,0,0
Tulane University of Louisiana,160755,LA,Private,R1,2022Q3,-1,0,0.1005,14027.0,0,0.0,1671.0,0,0,0,0,0,0,0,0,0,0,0,0
Tulane University of Louisiana,160755,LA,Private,R1,2022Q4,0,1,0.1005,14027.0,0,0.0,592.0,0,0,0,0,0,0,0,0,0,0,0,0
Tulane University of Louisiana,160755,LA,Private,R1,2023Q1,1,1,0.1005,14027.0,0,0.0,592.0,0,0,0,0,0,0,0,0,0,0,0,0
Tulane University of Louisiana,160755,LA,Private,R1,2023Q2,2,1,0.1005,14027.0,0,0.0,592.0,0,0,0,0,0,0,0,0,0,0,0,0
Tulane University of Louisiana,160755,LA,Private,R1,2023Q3,3,1,0.1005,14027.0,0,0.0,592.0,0,0,0,0,0,0,0,0,0,0,0,0
Tulane University of Louisiana,160755,LA,Private,R1,2023Q4,4,1,0.1005,14027.0,0,0.0,592.0,0,0,0,0,0,0,0,0,0,0,0,0
Tulane University of Louisiana,160755,LA,Private,R1,2024Q1,5,1,0.1005,14027.0,0,0.0,592.0,0,0,0,0,0,0,0,0,0,0,0,0
Tulane University of Louisiana,160755,LA,Private,R1,2024Q2,6,1,0.1005,14027.0,0,0.0,539.0,0,0,0,0,0,0,0,0,0,0,0,0
Tulane University of Louisiana,160755,LA,Private,R1,2024Q3,7,1,0.1005,14027.0,0,0.0,539.0,0,0,0,0,0,0,0,0,0,0,0,0
Tulane University of Louisiana,160755,LA,Private,R1,2024Q4,8,1,0.1005,14027.0,0,0.0,539.0,0,0,0,0,0,0,0,0,0,0,0,0
Bates College,160977,ME,Private,BAC,2021Q1,-7,0,0.0883,1790.0,0,0.0,0.0,0,0,0,0,0,0,0,0,0,0,0,0
Bates College,160977,ME,Private,BAC,2021Q2,-6,0,0.0883,1790.0,0,0.0,0.0,0,0,0,0,0,0,0,0,0,0,0,0
Bates College,160977,ME,Private,BAC,2021Q3,-5,0,0.0883,1790.0,0,0.0,0.0,0,0,0,0,0,0,0,0,0,0,0,0
Bates College,160977,ME,Private,BAC,2021Q4,-4,0,0.0883,1790.0,0,0.0,0.0,0,0,0,0,0,0,0,0,0,0,0,0
Bates College,160977,ME,Private,BAC,2022Q1,-3,0,0.0883,1790.0,0,0.0,0.0,0,0,0,0,0,0,0,0,0,0,0,0
Bates College,160977,ME,Private,BAC,2022Q2,-2,0,0.0883,1790.0,0,0.0,0.0,0,0,0,0,0,0,0,0,0,0,0,0
Bates College,160977,ME,Private,BAC,2022Q3,-1,0,0.0883,1790.0,0,0.0,0.0,0,0,0,0,0,0,0,0,0,0,0,0
Bates College,160977,ME,Private,BAC,2022Q4,0,1,0.0883,1790.0,0,0.0,194.0,0,0,0,0,0,0,0,0,0,0,0,0
Bates College,160977,ME,Private,BAC,2023Q1,1,1,0.0883,1790.0,0,0.0,197.0,0,0,0,0,0,0,0,0,0,0,0,0
Bates College,160977,ME,Private,BAC,2023Q2,2,1,0.0883,1790.0,0,0.0,197.0,0,0,0,0,0,0,0,0,0,0,0,0
Bates College,160977,ME,Private,BAC,2023Q3,3,1,0.0883,1790.0,0,0.0,197.0,0,0,0,0,0,0,0,0,0,0,0,0
Bates College,160977,ME,Private,BAC,2023Q4,4,1,0.0883,1790.0,0,0.0,145.0,0,0,0,0,0,0,0,0,0,0,0,0
Bates College,160977,ME,Private,BAC,2024Q1,5,1,0.0883,1790.0,0,0.0,145.0,0,0,0,0,0,0,0,0,0,0,0,0
Bates College,160977,ME,Private,BAC,2024Q2,6,1,0.0883,1790.0,0,0.0,145.0,0,0,0,0,0,0,0,0,0,0,0,0
Bates College,160977,ME,Private,BAC,2024Q3,7,1,0.0883,1790.0,0,0.0,151.0,0,0,0,0,0,0,0,0,0,0,0,0
Bates College,160977,ME,Private,BAC,2024Q4,8,1,0.0883,1790.0,0,0.0,151.0,0,0,0,0,0,0,0,0,0,0,0,0
Towson University,164076,MD,Public,M,2021Q1,-7,0,0.0199,19793.0,0,0.0,0.0,0,0,0,0,0,0,0,0,0,0,0,0
Towson University,164076,MD,Public,M,2021Q2,-6,0,0.0199,19793.0,0,0.0,2557.0,0,0,0,0,0,0,0,0,0,0,0,0
Towson University,164076,MD,Public,M,2021Q3,-5,0,0.0199,19793.0,0,0.0,2521.0,0,0,0,0,0,0,0,0,0,0,0,0
Towson University,164076,MD,Public,M,2021Q4,-4,0,0.0199,19793.0,0,0.0,2541.0,0,0,0,0,0,0,0,0,0,0,0,0
Towson University,164076,MD,Public,M,2022Q1,-3,0,0.0199,19793.0,0,0.0,2541.0,0,0,0,0,0,0,0,0,0,0,0,0
Towson University,164076,MD,Public,M,2022Q2,-2,0,0.0199,19793.0,0,0.0,2541.0,0,0,0,0,0,0,0,0,0,0,0,0
Towson University,164076,MD,Public,M,2022Q3,-1,0,0.0199,19793.0,0,0.0,2437.0,0,0,0,0,0,0,0,0,0,0,0,0
Towson University,164076,MD,Public,M,2022Q4,0,1,0.0199,19793.0,0,0.0,2459.0,0,0,0,0,0,0,0,0,0,0,0,0
Towson University,164076,MD,Public,M,2023Q1,1,1,0.0199,19793.0,0,0.0,2459.0,0,0,0,0,0,0,0,0,0,0,0,0
Towson University,164076,MD,Public,M,2023Q2,2,1,0.0199,19793.0,0,0.0,2459.0,0,0,0,0,0,0,0,0,0,0,0,0
Towson University,164076,MD,Public,M,2023Q3,3,1,0.0199,19793.0,0,0.0,2459.0,0,0,0,0,0,0,0,0,0,0,0,0
Towson University,164076,MD,Public,M,2023Q4,4,1,0.0199,19793.0,0,0.0,2459.0,0,0,0,0,0,0,0,0,0,0,0,0
Towson University,164076,MD,Public,M,2024Q1,5,1,0.0199,19793.0,0,0.0,2703.0,0,0,0,0,0,0,0,0,0,0,0,0
Towson University,164076,MD,Public,M,2024Q2,6,1,0.0199,19793.0,0,0.0,2703.0,0,0,0,0,0,0,0,0,0,0,0,0
Towson University,164076,MD,Public,M,2024Q3,7,1,0.0199,19793.0,0,0.0,2703.0,0,0,0,0,0,0,0,0,0,0,0,0
Towson University,164076,MD,Public,M,2024Q4,8,1,0.0199,19793.0,0,0.0,2703.0,0,0,0,0,0,0,0,0,0,0,0,0
Boston University,164988,MA,Private,R1,2021Q1,-7,0,0.2874,36714.0,0,0.0,0.0,0,0,0,0,0,0,0,0,0,0,0,0
Boston University,164988,MA,Private,R1,2021Q2,-6,0,0.2874,36714.0,0,0.0,6986.0,0,0,0,0,0,0,0,0,0,0,0,0
Boston University,164988,MA,Private,R1,2021Q3,-5,0,0.2874,36714.0,0,0.0,6987.0,0,0,0,0,0,0,0,0,0,0,0,0
Boston University,164988,MA,Private,R1,2021Q4,-4,0,0.2874,36714.0,0,0.0,6987.0,0,0,0,0,0,0,0,0,0,0,0,0
Boston University,164988,MA,Private,R1,2022Q1,-3,0,0.2874,36714.0,0,0.0,6987.0,0,0,0,0,0,0,0,0,0,0,0,0
Boston University,164988,MA,Private,R1,2022Q2,-2,0,0.2874,36714.0,0,0.0,6987.0,0,0,0,0,0,0,0,0,0,0,0,0
Boston University,164988,MA,Private,R1,2022Q3,-1,0,0.2874,36714.0,0,0.0,6987.0,0,0,0,0,0,0,0,0,0,0,0,0
Boston University,164988,MA,Private,R1,2022Q4,0,1,0.2874,36714.0,0,0.0,6984.0,0,0,0,0,0,0,0,0,0,0,0,0
Boston University,164988,MA,Private,R1,2023Q1,1,1,0.2874,36714.0,0,0.0,6987.0,0,0,0,0,0,0,0,0,0,0,0,0
Boston University,164988,MA,Private,R1,2023Q2,2,1,0.2874,36714.0,0,0.0,6987.0,0,0,0,0,0,0,0,0,0,0,0,0
Boston University,164988,MA,Private,R1,2023Q3,3,1,0.2874,36714.0,0,0.0,6987.0,0,0,0,0,0,0,0,0,0,0,0,0
Boston University,164988,MA,Private,R1,2023Q4,4,1,0.2874,36714.0,0,0.0,6987.0,0,0,0,0,0,0,0,0,0,0,0,0
Boston University,164988,MA,Private,R1,2024Q1,5,1,0.2874,36714.0,1,2.0,7283.0,0,0,1,0,0,1,0,0,1,1,0,2
Boston University,164988,MA,Private,R1,2024Q2,6,1,0.2874,36714.0,1,2.0,7292.0,0,0,1,0,0,1,0,0,1,1,0,2
Boston University,164988,MA,Private,R1,2024Q3,7,1,0.2874,36714.0,1,2.0,7292.0,0,0,1,0,0,1,0,0,1,1,0,2
Boston University,164988,MA,Private,R1,2024Q4,8,1,0.2874,36714.0,1,2.0,7292.0,0,0,1,0,0,1,0,0,1,1,0,2
Harvard University,166027,MA,Private,R1,2021Q1,-7,0,0.2514,30631.0,0,0.0,247.0,0,0,0,0,0,0,0,0,0,0,0,0
Harvard University,166027,MA,Private,R1,2021Q2,-6,0,0.2514,30631.0,0,0.0,247.0,0,0,0,0,0,0,0,0,0,0,0,0
Harvard University,166027,MA,Private,R1,2021Q3,-5,0,0.2514,30631.0,0,0.0,247.0,0,0,0,0,0,0,0,0,0,0,0,0
Harvard University,166027,MA,Private,R1,2021Q4,-4,0,0.2514,30631.0,0,0.0,247.0,0,0,0,0,0,0,0,0,0,0,0,0
Harvard University,166027,MA,Private,R1,2022Q1,-3,0,0.2514,30631.0,0,0.0,247.0,0,0,0,0,0,0,0,0,0,0,0,0
Harvard University,166027,MA,Private,R1,2022Q2,-2,0,0.2514,30631.0,0,0.0,247.0,0,0,0,0,0,0,0,0,0,0,0,0
Harvard University,166027,MA,Private,R1,2022Q3,-1,0,0.2514,30631.0,0,0.0,247.0,0,0,0,0,0,0,0,0,0,0,0,0
Harvard University,166027,MA,Private,R1,2022Q4,0,1,0.2514,30631.0,0,0.0,247.0,0,0,0,0,0,0,0,0,0,0,0,0
Harvard University,166027,MA,Private,R1,2023Q1,1,1,0.2514,30631.0,0,0.0,249.0,0,0,0,0,0,0,0,0,0,0,0,0
Harvard University,166027,MA,Private,R1,2023Q2,2,1,0.2514,30631.0,0,0.0,249.0,0,0,0,0,0,0,0,0,0,0,0,0
Harvard University,166027,MA,Private,R1,2023Q3,3,1,0.2514,30631.0,1,42.0,1636.0,1,1,1,0,1,1,0,0,3,2,1,5
Harvard University,166027,MA,Private,R1,2023Q4,4,1,0.2514,30631.0,1,42.0,1640.0,1,1,1,0,1,1,0,0,3,2,1,5
Harvard University,166027,MA,Private,R1,2024Q1,5,1,0.2514,30631.0,1,52.0,1794.0,1,1,1,0,1,1,0,0,3,2,1,5
Harvard University,166027,MA,Private,R1,2024Q2,6,1,0.2514,30631.0,1,52.0,1794.0,1,1,1,0,1,1,0,0,3,2,1,5
Harvard University,166027,MA,Private,R1,2024Q3,7,1,0.2514,30631.0,1,52.0,1794.0,1,1,1,0,1,1,0,0,3,2,1,5
Harvard University,166027,MA,Private,R1,2024Q4,8,1,0.2514,30631.0,1,52.0,1794.0,1,1,1,0,1,1,0,0,3,2,1,5
Massachusetts Institute of Technology,166683,MA,Private,R1,2021Q1,-7,0,0.2963,11858.0,0,0.0,416.0,0,0,0,0,0,0,0,0,0,0,0,0
Massachusetts Institute of Technology,166683,MA,Private,R1,2021Q2,-6,0,0.2963,11858.0,1,8.0,2002.0,0,0,0,0,0,0,0,0,0,0,0,0
Massachusetts Institute of Technology,166683,MA,Private,R1,2021Q3,-5,0,0.2963,11858.0,1,8.0,2014.0,0,0,0,0,0,0,0,0,0,0,0,0
Massachusetts Institute of Technology,166683,MA,Private,R1,2021Q4,-4,0,0.2963,11858.0,1,8.0,2014.0,0,0,0,0,0,0,0,0,0,0,0,0
Massachusetts Institute of Technology,166683,MA,Private,R1,2022Q1,-3,0,0.2963,11858.0,1,8.0,2014.0,0,0,0,0,0,0,0,0,0,0,0,0
Massachusetts Institute of Technology,166683,MA,Private,R1,2022Q2,-2,0,0.2963,11858.0,1,8.0,2040.0,0,0,0,0,0,0,0,0,0,0,0,0
Massachusetts Institute of Technology,166683,MA,Private,R1,2022Q3,-1,0,0.2963,11858.0,1,8.0,2040.0,0,0,0,0,0,0,0,0,0,0,0,0
Massachusetts Institute of Technology,166683,MA,Private,R1,2022Q4,0,1,0.2963,11858.0,1,9.0,2055.0,0,0,0,0,0,0,0,0,0,0,0,0
Massachusetts Institute of Technology,166683,MA,Private,R1,2023Q1,1,1,0.2963,11858.0,1,9.0,2056.0,0,0,0,0,0,0,0,0,0,0,0,0
Massachusetts Institute of Technology,166683,MA,Private,R1,2023Q2,2,1,0.2963,11858.0,1,9.0,2056.0,0,0,0,0,0,0,0,0,0,0,0,0
Massachusetts Institute of Technology,166683,MA,Private,R1,2023Q3,3,1,0.2963,11858.0,1,9.0,2056.0,0,0,0,0,0,0,0,0,0,0,0,0
Massachusetts Institute of Technology,166683,MA,Private,R1,2023Q4,4,1,0.2963,11858.0,1,9.0,2100.0,0,0,0,0,0,0,0,0,0,0,0,0
Massachusetts Institute of Technology,166683,MA,Private,R1,2024Q1,5,1,0.2963,11858.0,1,9.0,2120.0,0,0,0,0,0,0,0,0,0,0,0,0
Massachusetts Institute of Technology,166683,MA,Private,R1,2024Q2,6,1,0.2963,11858.0,1,9.0,2120.0,0,0,0,0,0,0,0,0,0,0,0,0
Massachusetts Institute of Technology,166683,MA,Private,R1,2024Q3,7,1,0.2963,11858.0,1,9.0,2114.0,0,0,0,0,0,0,0,0,0,0,0,0
Massachusetts Institute of Technology,166683,MA,Private,R1,2024Q4,8,1,0.2963,11858.0,1,9.0,2114.0,0,0,0,0,0,0,0,0,0,0,0,0
Wayne State University,172644,MI,Public,R1,2021Q1,-7,0,0.0527,23630.0,0,0.0,437.0,0,0,0,0,0,0,0,0,0,0,0,0
Wayne State University,172644,MI,Public,R1,2021Q2,-6,0,0.0527,23630.0,0,0.0,437.0,0,0,0,0,0,0,0,0,0,0,0,0
Wayne State University,172644,MI,Public,R1,2021Q3,-5,0,0.0527,23630.0,0,0.0,409.0,0,0,0,0,0,0,0,0,0,0,0,0
Wayne State University,172644,MI,Public,R1,2021Q4,-4,0,0.0527,23630.0,0,0.0,470.0,0,0,0,0,0,0,0,0,0,0,0,0
Wayne State University,172644,MI,Public,R1,2022Q1,-3,0,0.0527,23630.0,0,0.0,486.0,0,0,0,0,0,0,0,0,0,0,0,0
Wayne State University,172644,MI,Public,R1,2022Q2,-2,0,0.0527,23630.0,0,0.0,494.0,0,0,0,0,0,0,0,0,0,0,0,0
Wayne State University,172644,MI,Public,R1,2022Q3,-1,0,0.0527,23630.0,0,0.0,494.0,0,0,0,0,0,0,0,0,0,0,0,0
Wayne State University,172644,MI,Public,R1,2022Q4,0,1,0.0527,23630.0,0,0.0,494.0,0,0,0,0,0,0,0,0,0,0,0,0
Wayne State University,172644,MI,Public,R1,2023Q1,1,1,0.0527,23630.0,0,0.0,494.0,0,0,0,0,0,0,0,0,0,0,0,0
Wayne State University,172644,MI,Public,R1,2023Q2,2,1,0.0527,23630.0,0,0.0,411.0,0,0,0,0,0,0,0,0,0,0,0,0
Wayne State University,172644,MI,Public,R1,2023Q3,3,1,0.0527,23630.0,0,0.0,411.0,0,0,0,0,0,0,0,0,0,0,0,0
Wayne State University,172644,MI,Public,R1,2023Q4,4,1,0.0527,23630.0,0,0.0,444.0,0,0,0,0,0,0,0,0,0,0,0,0
Wayne State University,172644,MI,Public,R1,2024Q1,5,1,0.0527,23630.0,0,0.0,444.0,0,0,0,0,0,0,0,0,0,0,0,0
Wayne State University,172644,MI,Public,R1,2024Q2,6,1,0.0527,23630.0,0,0.0,448.0,0,0,0,0,0,0,0,0,0,0,0,0
Wayne State University,172644,MI,Public,R1,2024Q3,7,1,0.0527,23630.0,0,0.0,449.0,0,0,0,0,0,0,0,0,0,0,0,0
Wayne State University,172644,MI,Public,R1,2024Q4,8,1,0.0527,23630.0,0,0.0,449.0,0,0,0,0,0,0,0,0,0,0,0,0
Washington University in St Louis,179867,MO,Private,R1,2021Q1,-7,0,0.2745,17012.0,0,0.0,2353.0,0,0,0,0,0,0,0,0,0,0,0,0
Washington University in St Louis,179867,MO,Private,R1,2021Q2,-6,0,0.2745,17012.0,0,0.0,2354.0,0,0,0,0,0,0,0,0,0,0,0,0
Washington University in St Louis,179867,MO,Private,R1,2021Q3,-5,0,0.2745,17012.0,0,0.0,146.0,0,0,0,0,0,0,0,0,0,0,0,0
Washington University in St Louis,179867,MO,Private,R1,2021Q4,-4,0,0.2745,17012.0,0,0.0,2356.0,0,0,0,0,0,0,0,0,0,0,0,0
Washington University in St Louis,179867,MO,Private,R1,2022Q1,-3,0,0.2745,17012.0,0,0.0,145.0,0,0,0,0,0,0,0,0,0,0,0,0
Washington University in St Louis,179867,MO,Private,R1,2022Q2,-2,0,0.2745,17012.0,0,0.0,148.0,0,0,0,0,0,0,0,0,0,0,0,0
Washington University in St Louis,179867,MO,Private,R1,2022Q3,-1,0,0.2745,17012.0,0,0.0,148.0,0,0,0,0,0,0,0,0,0,0,0,0
Washington University in St Louis,179867,MO,Private,R1,2022Q4,0,1,0.2745,17012.0,0,0.0,148.0,0,0,0,0,0,0,0,0,0,0,0,0
Washington University in St Louis,179867,MO,Private,R1,2023Q1,1,1,0.2745,17012.0,0,0.0,2363.0,0,0,0,0,0,0,0,0,0,0,0,0
Washington University in St Louis,179867,MO,Private,R1,2023Q2,2,1,0.2745,17012.0,0,0.0,2363.0,0,0,0,0,0,0,0,0,0,0,0,0
Washington University in St Louis,179867,MO,Private,R1,2023Q3,3,1,0.2745,17012.0,0,0.0,2370.0,0,0,0,0,0,0,0,0,0,0,0,0
Washington University in St Louis,179867,MO,Private,R1,2023Q4,4,1,0.2745,17012.0,0,0.0,2370.0,0,0,0,0,0,0,0,0,0,0,0,0
Washington University in St Louis,179867,MO,Private,R1,2024Q1,5,1,0.2745,17012.0,0,0.0,2370.0,0,0,0,0,0,0,0,0,0,0,0,0
Washington University in St Louis,179867,MO,Private,R1,2024Q2,6,1,0.2745,17012.0,0,0.0,2370.0,0,0,0,0,0,0,0,0,0,0,0,0
Washington University in St Louis,179867,MO,Private,R1,2024Q3,7,1,0.2745,17012.0,1,3.0,2588.0,0,0,1,0,1,1,0,0,1,2,-1,3
Washington University in St Louis,179867,MO,Private,R1,2024Q4,8,1,0.2745,17012.0,1,3.0,2588.0,0,0,1,0,1,1,0,0,1,2,-1,3
Columbia University,190150,NY,Private,R1,2021Q1,-7,0,0.4037,34782.0,0,0.0,907.0,0,0,0,0,0,0,0,0,0,0,0,0
Columbia University,190150,NY,Private,R1,2021Q2,-6,0,0.4037,34782.0,0,0.0,907.0,0,0,0,0,0,0,0,0,0,0,0,0
Columbia University,190150,NY,Private,R1,2021Q3,-5,0,0.4037,34782.0,0,0.0,894.0,0,0,0,0,0,0,0,0,0,0,0,0
Columbia University,190150,NY,Private,R1,2021Q4,-4,0,0.4037,34782.0,0,0.0,894.0,0,0,0,0,0,0,0,0,0,0,0,0
Columbia University,190150,NY,Private,R1,2022Q1,-3,0,0.4037,34782.0,0,0.0,894.0,0,0,0,0,0,0,0,0,0,0,0,0
Columbia University,190150,NY,Private,R1,2022Q2,-2,0,0.4037,34782.0,0,0.0,894.0,0,0,0,0,0,0,0,0,0,0,0,0
Columbia University,190150,NY,Private,R1,2022Q3,-1,0,0.4037,34782.0,0,0.0,894.0,0,0,0,0,0,0,0,0,0,0,0,0
Columbia University,190150,NY,Private,R1,2022Q4,0,1,0.4037,34782.0,0,0.0,894.0,0,0,0,0,0,0,0,0,0,0,0,0
Columbia University,190150,NY,Private,R1,2023Q1,1,1,0.4037,34782.0,0,0.0,894.0,0,0,0,0,0,0,0,0,0,0,0,0
Columbia University,190150,NY,Private,R1,2023Q2,2,1,0.4037,34782.0,0,0.0,894.0,0,0,0,0,0,0,0,0,0,0,0,0
Columbia University,190150,NY,Private,R1,2023Q3,3,1,0.4037,34782.0,0,0.0,894.0,0,0,0,0,0,0,0,0,0,0,0,0
Columbia University,190150,NY,Private,R1,2023Q4,4,1,0.4037,34782.0,0,0.0,911.0,0,0,0,0,0,0,0,0,0,0,0,0
Columbia University,190150,NY,Private,R1,2024Q1,5,1,0.4037,34782.0,0,0.0,911.0,0,0,0,0,0,0,0,0,0,0,0,0
Columbia University,190150,NY,Private,R1,2024Q2,6,1,0.4037,34782.0,0,0.0,904.0,0,0,0,0,0,0,0,0,0,0,0,0
Columbia University,190150,NY,Private,R1,2024Q3,7,1,0.4037,34782.0,0,0.0,904.0,0,0,0,0,0,0,0,0,0,0,0,0
Columbia University,190150,NY,Private,R1,2024Q4,8,1,0.4037,34782.0,1,65.0,1759.0,1,1,1,0,1,1,0,0,3,2,1,5
Cornell University,190415,NY,Private,R1,2021Q1,-7,0,0.2485,25898.0,0,0.0,0.0,0,0,0,0,0,0,0,0,0,0,0,0
Cornell University,190415,NY,Private,R1,2021Q2,-6,0,0.2485,25898.0,0,0.0,0.0,0,0,0,0,0,0,0,0,0,0,0,0
Cornell University,190415,NY,Private,R1,2021Q3,-5,0,0.2485,25898.0,0,0.0,0.0,0,0,0,0,0,0,0,0,0,0,0,0
Cornell University,190415,NY,Private,R1,2021Q4,-4,0,0.2485,25898.0,0,0.0,0.0,0,0,0,0,0,0,0,0,0,0,0,0
Cornell University,190415,NY,Private,R1,2022Q1,-3,0,0.2485,25898.0,0,0.0,802.0,0,0,0,0,0,0,0,0,0,0,0,0
Cornell University,190415,NY,Private,R1,2022Q2,-2,0,0.2485,25898.0,0,0.0,802.0,0,0,0,0,0,0,0,0,0,0,0,0
Cornell University,190415,NY,Private,R1,2022Q3,-1,0,0.2485,25898.0,0,0.0,802.0,0,0,0,0,0,0,0,0,0,0,0,0
Cornell University,190415,NY,Private,R1,2022Q4,0,1,0.2485,25898.0,0,0.0,802.0,0,0,0,0,0,0,0,0,0,0,0,0
Cornell University,190415,NY,Private,R1,2023Q1,1,1,0.2485,25898.0,1,37.0,1476.0,1,0,1,0,1,1,0,0,2,2,0,4
Cornell University,190415,NY,Private,R1,2023Q2,2,1,0.2485,25898.0,1,37.0,1482.0,1,0,1,0,1,1,0,0,2,2,0,4
Cornell University,190415,NY,Private,R1,2023Q3,3,1,0.2485,25898.0,1,93.0,2087.0,1,1,1,0,1,1,0,0,3,2,1,5
Cornell University,190415,NY,Private,R1,2023Q4,4,1,0.2485,25898.0,1,93.0,2087.0,1,1,1,0,1,1,0,0,3,2,1,5
Cornell University,190415,NY,Private,R1,2024Q1,5,1,0.2485,25898.0,1,96.0,2087.0,1,1,1,0,1,1,0,0,3,2,1,5
Cornell University,190415,NY,Private,R1,2024Q2,6,1,0.2485,25898.0,1,96.0,2121.0,1,1,1,0,1,1,0,0,3,2,1,5
Cornell University,190415,NY,Private,R1,2024Q3,7,1,0.2485,25898.0,1,96.0,2099.0,1,1,1,0,1,1,0,0,3,2,1,5
Cornell University,190415,NY,Private,R1,2024Q4,8,1,0.2485,25898.0,1,96.0,2099.0,1,1,1,0,1,1,0,0,3,2,1,5
Hamilton College,191515,NY,Private,BAC,2021Q1,-7,0,0.0729,2072.0,0,0.0,635.0,0,0,0,0,0,0,0,0,0,0,0,0
Hamilton College,191515,NY,Private,BAC,2021Q2,-6,0,0.0729,2072.0,0,0.0,635.0,0,0,0,0,0,0,0,0,0,0,0,0
Hamilton College,191515,NY,Private,BAC,2021Q3,-5,0,0.0729,2072.0,0,0.0,635.0,0,0,0,0,0,0,0,0,0,0,0,0
Hamilton College,191515,NY,Private,BAC,2021Q4,-4,0,0.0729,2072.0,0,0.0,635.0,0,0,0,0,0,0,0,0,0,0,0,0
Hamilton College,191515,NY,Private,BAC,2022Q1,-3,0,0.0729,2072.0,0,0.0,635.0,0,0,0,0,0,0,0,0,0,0,0,0
Hamilton College,191515,NY,Private,BAC,2022Q2,-2,0,0.0729,2072.0,0,0.0,616.0,0,0,0,0,0,0,0,0,0,0,0,0
Hamilton College,191515,NY,Private,BAC,2022Q3,-1,0,0.0729,2072.0,0,0.0,618.0,0,0,0,0,0,0,0,0,0,0,0,0
Hamilton College,191515,NY,Private,BAC,2022Q4,0,1,0.0729,2072.0,0,0.0,619.0,0,0,0,0,0,0,0,0,0,0,0,0
Hamilton College,191515,NY,Private,BAC,2023Q1,1,1,0.0729,2072.0,0,0.0,619.0,0,0,0,0,0,0,0,0,0,0,0,0
Hamilton College,191515,NY,Private,BAC,2023Q2,2,1,0.0729,2072.0,0,0.0,615.0,0,0,0,0,0,0,0,0,0,0,0,0
Hamilton College,191515,NY,Private,BAC,2023Q3,3,1,0.0729,2072.0,0,0.0,615.0,0,0,0,0,0,0,0,0,0,0,0,0
Hamilton College,191515,NY,Private,BAC,2023Q4,4,1,0.0729,2072.0,0,0.0,618.0,0,0,0,0,0,0,0,0,0,0,0,0
Hamilton College,191515,NY,Private,BAC,2024Q1,5,1,0.0729,2072.0,0,0.0,612.0,0,0,0,0,0,0,0,0,0,0,0,0
Hamilton College,191515,NY,Private,BAC,2024Q2,6,1,0.0729,2072.0,0,0.0,612.0,0,0,0,0,0,0,0,0,0,0,0,0
Hamilton College,191515,NY,Private,BAC,2024Q3,7,1,0.0729,2072.0,0,0.0,608.0,0,0,0,0,0,0,0,0,0,0,0,0
Hamilton College,191515,NY,Private,BAC,2024Q4,8,1,0.0729,2072.0,0,0.0,608.0,0,0,0,0,0,0,0,0,0,0,0,0
New York University,193900,NY,Private,R1,2021Q1,-7,0,0.333,59144.0,0,0.0,1953.0,0,0,0,0,0,0,0,0,0,0,0,0
New York University,193900,NY,Private,R1,2021Q2,-6,0,0.333,59144.0,0,0.0,1945.0,0,0,0,0,0,0,0,0,0,0,0,0
New York University,193900,NY,Private,R1,2021Q3,-5,0,0.333,59144.0,0,0.0,1945.0,0,0,0,0,0,0,0,0,0,0,0,0
New York University,193900,NY,Private,R1,2021Q4,-4,0,0.333,59144.0,0,0.0,1945.0,0,0,0,0,0,0,0,0,0,0,0,0
New York University,193900,NY,Private,R1,2022Q1,-3,0,0.333,59144.0,0,0.0,1943.0,0,0,0,0,0,0,0,0,0,0,0,0
New York University,193900,NY,Private,R1,2022Q2,-2,0,0.333,59144.0,0,0.0,1942.0,0,0,0,0,0,0,0,0,0,0,0,0
New York University,193900,NY,Private,R1,2022Q3,-1,0,0.333,59144.0,0,0.0,1941.0,0,0,0,0,0,0,0,0,0,0,0,0
New York University,193900,NY,Private,R1,2022Q4,0,1,0.333,59144.0,0,0.0,1951.0,0,0,0,0,0,0,0,0,0,0,0,0
New York University,193900,NY,Private,R1,2023Q1,1,1,0.333,59144.0,0,0.0,1957.0,0,0,0,0,0,0,0,0,0,0,0,0
New York University,193900,NY,Private,R1,2023Q2,2,1,0.333,59144.0,0,0.0,1957.0,0,0,0,0,0,0,0,0,0,0,0,0
New York University,193900,NY,Private,R1,2023Q3,3,1,0.333,59144.0,0,0.0,1943.0,0,0,0,0,0,0,0,0,0,0,0,0
New York University,193900,NY,Private,R1,2023Q4,4,1,0.333,59144.0,0,0.0,1943.0,0,0,0,0,0,0,0,0,0,0,0,0
New York University,193900,NY,Private,R1,2024Q1,5,1,0.333,59144.0,0,0.0,1939.0,0,0,0,0,0,0,0,0,0,0,0,0
New York University,193900,NY,Private,R1,2024Q2,6,1,0.333,59144.0,0,0.0,1939.0,0,0,0,0,0,0,0,0,0,0,0,0
New York University,193900,NY,Private,R1,2024Q3,7,1,0.333,59144.0,1,1.0,1940.0,0,0,1,0,0,1,0,0,1,1,0,2
New York University,193900,NY,Private,R1,2024Q4,8,1,0.333,59144.0,1,1.0,1940.0,0,0,1,0,0,1,0,0,1,1,0,2
Stony Brook University,196097,NY,Public,R1,2021Q1,-7,0,0.1399,25710.0,0,0.0,143.0,0,0,0,0,0,0,0,0,0,0,0,0
Stony Brook University,196097,NY,Public,R1,2021Q2,-6,0,0.1399,25710.0,0,0.0,3289.0,0,0,0,0,0,0,0,0,0,0,0,0
Stony Brook University,196097,NY,Public,R1,2021Q3,-5,0,0.1399,25710.0,0,0.0,3289.0,0,0,0,0,0,0,0,0,0,0,0,0
Stony Brook University,196097,NY,Public,R1,2021Q4,-4,0,0.1399,25710.0,0,0.0,3289.0,0,0,0,0,0,0,0,0,0,0,0,0
Stony Brook University,196097,NY,Public,R1,2022Q1,-3,0,0.1399,25710.0,0,0.0,3289.0,0,0,0,0,0,0,0,0,0,0,0,0
Stony Brook University,196097,NY,Public,R1,2022Q2,-2,0,0.1399,25710.0,0,0.0,3289.0,0,0,0,0,0,0,0,0,0,0,0,0
Stony Brook University,196097,NY,Public,R1,2022Q3,-1,0,0.1399,25710.0,0,0.0,3289.0,0,0,0,0,0,0,0,0,0,0,0,0
Stony Brook University,196097,NY,Public,R1,2022Q4,0,1,0.1399,25710.0,0,0.0,3289.0,0,0,0,0,0,0,0,0,0,0,0,0
Stony Brook University,196097,NY,Public,R1,2023Q1,1,1,0.1399,25710.0,0,0.0,3289.0,0,0,0,0,0,0,0,0,0,0,0,0
Stony Brook University,196097,NY,Public,R1,2023Q2,2,1,0.1399,25710.0,0,0.0,3289.0,0,0,0,0,0,0,0,0,0,0,0,0
Stony Brook University,196097,NY,Public,R1,2023Q3,3,1,0.1399,25710.0,0,0.0,3289.0,0,0,0,0,0,0,0,0,0,0,0,0
Stony Brook University,196097,NY,Public,R1,2023Q4,4,1,0.1399,25710.0,0,0.0,3289.0,0,0,0,0,0,0,0,0,0,0,0,0
Stony Brook University,196097,NY,Public,R1,2024Q1,5,1,0.1399,25710.0,0,0.0,3289.0,0,0,0,0,0,0,0,0,0,0,0,0
Stony Brook University,196097,NY,Public,R1,2024Q2,6,1,0.1399,25710.0,1,1.0,3289.0,0,0,1,0,0,0,1,0,1,1,0,2
Stony Brook University,196097,NY,Public,R1,2024Q3,7,1,0.1399,25710.0,1,6.0,3289.0,0,0,1,0,0,1,1,0,1,2,-1,3
Stony Brook University,196097,NY,Public,R1,2024Q4,8,1,0.1399,25710.0,1,6.0,3289.0,0,0,1,0,0,1,1,0,1,2,-1,3
Davidson College,198385,NC,Private,BAC,2021Q1,-7,0,0.1002,1927.0,0,0.0,1076.0,0,0,0,0,0,0,0,0,0,0,0,0
Davidson College,198385,NC,Private,BAC,2021Q2,-6,0,0.1002,1927.0,0,0.0,1078.0,0,0,0,0,0,0,0,0,0,0,0,0
Davidson College,198385,NC,Private,BAC,2021Q3,-5,0,0.1002,1927.0,0,0.0,1094.0,0,0,0,0,0,0,0,0,0,0,0,0
Davidson College,198385,NC,Private,BAC,2021Q4,-4,0,0.1002,1927.0,0,0.0,1094.0,0,0,0,0,0,0,0,0,0,0,0,0
Davidson College,198385,NC,Private,BAC,2022Q1,-3,0,0.1002,1927.0,0,0.0,1095.0,0,0,0,0,0,0,0,0,0,0,0,0
Davidson College,198385,NC,Private,BAC,2022Q2,-2,0,0.1002,1927.0,0,0.0,1111.0,0,0,0,0,0,0,0,0,0,0,0,0
Davidson College,198385,NC,Private,BAC,2022Q3,-1,0,0.1002,1927.0,0,0.0,1111.0,0,0,0,0,0,0,0,0,0,0,0,0
Davidson College,198385,NC,Private,BAC,2022Q4,0,1,0.1002,1927.0,0,0.0,1125.0,0,0,0,0,0,0,0,0,0,0,0,0
Davidson College,198385,NC,Private,BAC,2023Q1,1,1,0.1002,1927.0,0,0.0,1139.0,0,0,0,0,0,0,0,0,0,0,0,0
Davidson College,198385,NC,Private,BAC,2023Q2,2,1,0.1002,1927.0,0,0.0,1107.0,0,0,0,0,0,0,0,0,0,0,0,0
Davidson College,198385,NC,Private,BAC,2023Q3,3,1,0.1002,1927.0,0,0.0,1107.0,0,0,0,0,0,0,0,0,0,0,0,0
Davidson College,198385,NC,Private,BAC,2023Q4,4,1,0.1002,1927.0,0,0.0,1100.0,0,0,0,0,0,0,0,0,0,0,0,0
Davidson College,198385,NC,Private,BAC,2024Q1,5,1,0.1002,1927.0,0,0.0,1099.0,0,0,0,0,0,0,0,0,0,0,0,0
Davidson College,198385,NC,Private,BAC,2024Q2,6,1,0.1002,1927.0,0,0.0,1099.0,0,0,0,0,0,0,0,0,0,0,0,0
Davidson College,198385,NC,Private,BAC,2024Q3,7,1,0.1002,1927.0,0,0.0,1099.0,0,0,0,0,0,0,0,0,0,0,0,0
Davidson College,198385,NC,Private,BAC,2024Q4,8,1,0.1002,1927.0,0,0.0,1099.0,0,0,0,0,0,0,0,0,0,0,0,0
Duke University,198419,NC,Private,R1,2021Q1,-7,0,0.2459,18023.0,0,0.0,599.0,0,0,0,0,0,0,0,0,0,0,0,0
Duke University,198419,NC,Private,R1,2021Q2,-6,0,0.2459,18023.0,0,0.0,599.0,0,0,0,0,0,0,0,0,0,0,0,0
Duke University,198419,NC,Private,R1,2021Q3,-5,0,0.2459,18023.0,0,0.0,599.0,0,0,0,0,0,0,0,0,0,0,0,0
Duke University,198419,NC,Private,R1,2021Q4,-4,0,0.2459,18023.0,0,0.0,599.0,0,0,0,0,0,0,0,0,0,0,0,0
Duke University,198419,NC,Private,R1,2022Q1,-3,0,0.2459,18023.0,0,0.0,599.0,0,0,0,0,0,0,0,0,0,0,0,0
Duke University,198419,NC,Private,R1,2022Q2,-2,0,0.2459,18023.0,0,0.0,599.0,0,0,0,0,0,0,0,0,0,0,0,0
Duke University,198419,NC,Private,R1,2022Q3,-1,0,0.2459,18023.0,0,0.0,599.0,0,0,0,0,0,0,0,0,0,0,0,0
Duke University,198419,NC,Private,R1,2022Q4,0,1,0.2459,18023.0,0,0.0,599.0,0,0,0,0,0,0,0,0,0,0,0,0
Duke University,198419,NC,Private,R1,2023Q1,1,1,0.2459,18023.0,0,0.0,599.0,0,0,0,0,0,0,0,0,0,0,0,0
Duke University,198419,NC,Private,R1,2023Q2,2,1,0.2459,18023.0,0,0.0,599.0,0,0,0,0,0,0,0,0,0,0,0,0
Duke University,198419,NC,Private,R1,2023Q3,3,1,0.2459,18023.0,1,114.0,2452.0,1,1,1,1,1,1,0,1,4,3,1,7
Duke University,198419,NC,Private,R1,2023Q4,4,1,0.2459,18023.0,1,114.0,2463.0,1,1,1,1,1,1,0,1,4,3,1,7
Duke University,198419,NC,Private,R1,2024Q1,5,1,0.2459,18023.0,1,123.0,2431.0,1,1,1,0,1,1,0,1,3,3,0,6
Duke University,198419,NC,Private,R1,2024Q2,6,1,0.2459,18023.0,1,133.0,2572.0,1,1,1,0,1,1,0,1,3,3,0,6
Duke University,198419,NC,Private,R1,2024Q3,7,1,0.2459,18023.0,1,133.0,2572.0,1,1,1,0,1,1,0,1,3,3,0,6
Duke University,198419,NC,Private,R1,2024Q4,8,1,0.2459,18023.0,1,133.0,2572.0,1,1,1,0,1,1,0,1,3,3,0,6
North Carolina State University,199193,NC,Public,R1,2021Q1,-7,0,0.1081,36700.0,0,0.0,0.0,0,0,0,0,0,0,0,0,0,0,0,0
North Carolina State University,199193,NC,Public,R1,2021Q2,-6,0,0.1081,36700.0,0,0.0,1175.0,0,0,0,0,0,0,0,0,0,0,0,0
North Carolina State University,199193,NC,Public,R1,2021Q3,-5,0,0.1081,36700.0,0,0.0,1175.0,0,0,0,0,0,0,0,0,0,0,0,0
North Carolina State University,199193,NC,Public,R1,2021Q4,-4,0,0.1081,36700.0,0,0.0,1183.0,0,0,0,0,0,0,0,0,0,0,0,0
North Carolina State University,199193,NC,Public,R1,2022Q1,-3,0,0.1081,36700.0,0,0.0,1183.0,0,0,0,0,0,0,0,0,0,0,0,0
North Carolina State University,199193,NC,Public,R1,2022Q2,-2,0,0.1081,36700.0,0,0.0,1183.0,0,0,0,0,0,0,0,0,0,0,0,0
North Carolina State University,199193,NC,Public,R1,2022Q3,-1,0,0.1081,36700.0,0,0.0,1183.0,0,0,0,0,0,0,0,0,0,0,0,0
North Carolina State University,199193,NC,Public,R1,2022Q4,0,1,0.1081,36700.0,0,0.0,1183.0,0,0,0,0,0,0,0,0,0,0,0,0
North Carolina State University,199193,NC,Public,R1,2023Q1,1,1,0.1081,36700.0,0,0.0,1346.0,0,0,0,0,0,0,0,0,0,0,0,0
North Carolina State University,199193,NC,Public,R1,2023Q2,2,1,0.1081,36700.0,0,0.0,1346.0,0,0,0,0,0,0,0,0,0,0,0,0
North Carolina State University,199193,NC,Public,R1,2023Q3,3,1,0.1081,36700.0,0,0.0,1346.0,0,0,0,0,0,0,0,0,0,0,0,0
North Carolina State University,199193,NC,Public,R1,2023Q4,4,1,0.1081,36700.0,0,0.0,1576.0,0,0,0,0,0,0,0,0,0,0,0,0
North Carolina State University,199193,NC,Public,R1,2024Q1,5,1,0.1081,36700.0,0,0.0,1576.0,0,0,0,0,0,0,0,0,0,0,0,0
North Carolina State University,199193,NC,Public,R1,2024Q2,6,1,0.1081,36700.0,0,0.0,1581.0,0,0,0,0,0,0,0,0,0,0,0,0
North Carolina State University,199193,NC,Public,R1,2024Q3,7,1,0.1081,36700.0,0,0.0,1581.0,0,0,0,0,0,0,0,0,0,0,0,0
North Carolina State University,199193,NC,Public,R1,2024Q4,8,1,0.1081,36700.0,0,0.0,1581.0,0,0,0,0,0,0,0,0,0,0,0,0
Kent State University,203447,OH,Public,R1,2021Q1,-7,0,0.0046,1723.0,0,0.0,0.0,0,0,0,0,0,0,0,0,0,0,0,0
Kent State University,203447,OH,Public,R1,2021Q2,-6,0,0.0046,1723.0,1,9.0,4105.0,0,0,0,0,0,0,0,0,0,0,0,0
Kent State University,203447,OH,Public,R1,2021Q3,-5,0,0.0046,1723.0,1,9.0,4120.0,0,0,0,0,0,0,0,0,0,0,0,0
Kent State University,203447,OH,Public,R1,2021Q4,-4,0,0.0046,1723.0,1,9.0,4120.0,0,0,0,0,0,0,0,0,0,0,0,0
Kent State University,203447,OH,Public,R1,2022Q1,-3,0,0.0046,1723.0,1,9.0,4348.0,0,0,0,0,0,0,0,0,0,0,0,0
Kent State University,203447,OH,Public,R1,2022Q2,-2,0,0.0046,1723.0,1,10.0,4618.0,0,0,0,0,0,0,0,1,0,1,-1,1
Kent State University,203447,OH,Public,R1,2022Q3,-1,0,0.0046,1723.0,1,10.0,4619.0,0,0,0,0,0,0,0,1,0,1,-1,1
Kent State University,203447,OH,Public,R1,2022Q4,0,1,0.0046,1723.0,1,10.0,4623.0,0,0,0,0,0,0,0,1,0,1,-1,1
Kent State University,203447,OH,Public,R1,2023Q1,1,1,0.0046,1723.0,1,10.0,4638.0,0,0,0,0,0,0,0,1,0,1,-1,1
Kent State University,203447,OH,Public,R1,2023Q2,2,1,0.0046,1723.0,1,10.0,4831.0,0,0,0,0,0,0,0,1,0,1,-1,1
Kent State University,203447,OH,Public,R1,2023Q3,3,1,0.0046,1723.0,1,13.0,4831.0,0,0,0,0,0,0,0,0,0,0,0,0
Kent State University,203447,OH,Public,R1,2023Q4,4,1,0.0046,1723.0,1,13.0,4831.0,0,0,0,0,0,0,0,0,0,0,0,0
Kent State University,203447,OH,Public,R1,2024Q1,5,1,0.0046,1723.0,1,13.0,4828.0,0,0,0,0,0,0,0,0,0,0,0,0
Kent State University,203447,OH,Public,R1,2024Q2,6,1,0.0046,1723.0,1,13.0,4843.0,0,0,0,0,0,0,0,0,0,0,0,0
Kent State University,203447,OH,Public,R1,2024Q3,7,1,0.0046,1723.0,1,13.0,4845.0,0,0,0,0,0,0,0,0,0,0,0,0
Kent State University,203447,OH,Public,R1,2024Q4,8,1,0.0046,1723.0,1,13.0,4845.0,0,0,0,0,0,0,0,0,0,0,0,0
Oregon State University,209542,OR,Public,R1,2021Q1,-7,0,0.0682,34292.0,0,0.0,22734.0,0,0,0,0,0,0,0,0,0,0,0,0
Oregon State University,209542,OR,Public,R1,2021Q2,-6,0,0.0682,34292.0,1,38.0,23156.0,0,1,0,0,0,0,0,0,1,0,1,1
Oregon State University,209542,OR,Public,R1,2021Q3,-5,0,0.0682,34292.0,1,38.0,23654.0,0,1,0,0,0,0,0,0,1,0,1,1
Oregon State University,209542,OR,Public,R1,2021Q4,-4,0,0.0682,34292.0,1,38.0,23987.0,0,1,0,0,0,0,0,0,1,0,1,1
Oregon State University,209542,OR,Public,R1,2022Q1,-3,0,0.0682,34292.0,1,38.0,23987.0,0,1,0,0,0,0,0,0,1,0,1,1
Oregon State University,209542,OR,Public,R1,2022Q2,-2,0,0.0682,34292.0,1,38.0,24346.0,0,1,0,0,0,0,0,0,1,0,1,1
Oregon State University,209542,OR,Public,R1,2022Q3,-1,0,0.0682,34292.0,1,38.0,24346.0,0,1,0,0,0,0,0,0,1,0,1,1
Oregon State University,209542,OR,Public,R1,2022Q4,0,1,0.0682,34292.0,1,38.0,24349.0,0,1,0,0,0,1,0,0,1,1,0,2
Oregon State University,209542,OR,Public,R1,2023Q1,1,1,0.0682,34292.0,1,38.0,24445.0,0,1,0,0,0,1,0,0,1,1,0,2
Oregon State University,209542,OR,Public,R1,2023Q2,2,1,0.0682,34292.0,1,38.0,24445.0,0,1,0,0,0,1,0,0,1,1,0,2
Oregon State University,209542,OR,Public,R1,2023Q3,3,1,0.0682,34292.0,1,38.0,24445.0,0,1,0,0,0,1,0,0,1,1,0,2
Oregon State University,209542,OR,Public,R1,2023Q4,4,1,0.0682,34292.0,1,39.0,24954.0,0,1,0,0,0,1,0,0,1,1,0,2
Oregon State University,209542,OR,Public,R1,2024Q1,5,1,0.0682,34292.0,1,37.0,24954.0,0,1,0,0,0,1,0,0,1,1,0,2
Oregon State University,209542,OR,Public,R1,2024Q2,6,1,0.0682,34292.0,1,37.0,25482.0,0,1,0,0,0,1,0,0,1,1,0,2
Oregon State University,209542,OR,Public,R1,2024Q3,7,1,0.0682,34292.0,1,37.0,25996.0,0,1,0,0,0,1,0,0,1,1,0,2
Oregon State University,209542,OR,Public,R1,2024Q4,8,1,0.0682,34292.0,1,37.0,25996.0,0,1,0,0,0,1,0,0,1,1,0,2
Carnegie Mellon University,211440,PA,Private,R1,2021Q1,-7,0,0.4402,16002.0,0,0.0,0.0,0,0,0,0,0,0,0,0,0,0,0,0
Carnegie Mellon University,211440,PA,Private,R1,2021Q2,-6,0,0.4402,16002.0,0,0.0,1607.0,0,0,0,0,0,0,0,0,0,0,0,0
Carnegie Mellon University,211440,PA,Private,R1,2021Q3,-5,0,0.4402,16002.0,0,0.0,1607.0,0,0,0,0,0,0,0,0,0,0,0,0
Carnegie Mellon University,211440,PA,Private,R1,2021Q4,-4,0,0.4402,16002.0,0,0.0,1607.0,0,0,0,0,0,0,0,0,0,0,0,0
Carnegie Mellon University,211440,PA,Private,R1,2022Q1,-3,0,0.4402,16002.0,0,0.0,1607.0,0,0,0,0,0,0,0,0,0,0,0,0
Carnegie Mellon University,211440,PA,Private,R1,2022Q2,-2,0,0.4402,16002.0,0,0.0,1625.0,0,0,0,0,0,0,0,0,0,0,0,0
Carnegie Mellon University,211440,PA,Private,R1,2022Q3,-1,0,0.4402,16002.0,0,0.0,1625.0,0,0,0,0,0,0,0,0,0,0,0,0
Carnegie Mellon University,211440,PA,Private,R1,2022Q4,0,1,0.4402,16002.0,0,0.0,1625.0,0,0,0,0,0,0,0,0,0,0,0,0
Carnegie Mellon University,211440,PA,Private,R1,2023Q1,1,1,0.4402,16002.0,0,0.0,1630.0,0,0,0,0,0,0,0,0,0,0,0,0
Carnegie Mellon University,211440,PA,Private,R1,2023Q2,2,1,0.4402,16002.0,0,0.0,1630.0,0,0,0,0,0,0,0,0,0,0,0,0
Carnegie Mellon University,211440,PA,Private,R1,2023Q3,3,1,0.4402,16002.0,0,0.0,1630.0,0,0,0,0,0,0,0,0,0,0,0,0
Carnegie Mellon University,211440,PA,Private,R1,2023Q4,4,1,0.4402,16002.0,0,0.0,1630.0,0,0,0,0,0,0,0,0,0,0,0,0
Carnegie Mellon University,211440,PA,Private,R1,2024Q1,5,1,0.4402,16002.0,0,0.0,1630.0,0,0,0,0,0,0,0,0,0,0,0,0
Carnegie Mellon University,211440,PA,Private,R1,2024Q2,6,1,0.4402,16002.0,0,0.0,1630.0,0,0,0,0,0,0,0,0,0,0,0,0
Carnegie Mellon University,211440,PA,Private,R1,2024Q3,7,1,0.4402,16002.0,0,0.0,1646.0,0,0,0,0,0,0,0,0,0,0,0,0
Carnegie Mellon University,211440,PA,Private,R1,2024Q4,8,1,0.4402,16002.0,0,0.0,1646.0,0,0,0,0,0,0,0,0,0,0,0,0
Drexel University,212054,PA,Private,R1,2021Q1,-7,0,0.1033,22344.0,0,0.0,1011.0,0,0,0,0,0,0,0,0,0,0,0,0
Drexel University,212054,PA,Private,R1,2021Q2,-6,0,0.1033,22344.0,1,10.0,1011.0,0,0,0,0,0,0,0,0,0,0,0,0
Drexel University,212054,PA,Private,R1,2021Q3,-5,0,0.1033,22344.0,1,10.0,1011.0,0,0,0,0,0,0,0,0,0,0,0,0
Drexel University,212054,PA,Private,R1,2021Q4,-4,0,0.1033,22344.0,1,10.0,1811.0,0,0,0,0,0,0,0,0,0,0,0,0
Drexel University,212054,PA,Private,R1,2022Q1,-3,0,0.1033,22344.0,1,10.0,1811.0,0,0,0,0,0,0,0,0,0,0,0,0
Drexel University,212054,PA,Private,R1,2022Q2,-2,0,0.1033,22344.0,1,31.0,3304.0,0,0,0,0,0,0,0,0,0,0,0,0
Drexel University,212054,PA,Private,R1,2022Q3,-1,0,0.1033,22344.0,1,10.0,1811.0,0,0,0,0,0,0,0,0,0,0,0,0
Drexel University,212054,PA,Private,R1,2022Q4,0,1,0.1033,22344.0,1,10.0,1829.0,0,0,0,0,0,0,0,0,0,0,0,0
Drexel University,212054,PA,Private,R1,2023Q1,1,1,0.1033,22344.0,1,10.0,1829.0,0,0,0,0,0,0,0,0,0,0,0,0
Drexel University,212054,PA,Private,R1,2023Q2,2,1,0.1033,22344.0,1,10.0,1829.0,0,0,0,0,0,0,0,0,0,0,0,0
Drexel University,212054,PA,Private,R1,2023Q3,3,1,0.1033,22344.0,1,10.0,1847.0,0,0,0,0,0,0,0,0,0,0,0,0
Drexel University,212054,PA,Private,R1,2023Q4,4,1,0.1033,22344.0,1,10.0,1847.0,0,0,0,0,0,0,0,0,0,0,0,0
Drexel University,212054,PA,Private,R1,2024Q1,5,1,0.1033,22344.0,1,10.0,1847.0,0,0,0,0,0,0,0,0,0,0,0,0
Drexel University,212054,PA,Private,R1,2024Q2,6,1,0.1033,22344.0,1,10.0,1847.0,0,0,0,0,0,0,0,0,0,0,0,0
Drexel University,212054,PA,Private,R1,2024Q3,7,1,0.1033,22344.0,1,25.0,2153.0,0,0,0,0,0,0,0,0,0,0,0,0
Drexel University,212054,PA,Private,R1,2024Q4,8,1,0.1033,22344.0,1,25.0,2153.0,0,0,0,0,0,0,0,0,0,0,0,0
Lehigh University,213543,PA,Private,R1,2021Q1,-7,0,0.1359,7394.0,0,0.0,326.0,0,0,0,0,0,0,0,0,0,0,0,0
Lehigh University,213543,PA,Private,R1,2021Q2,-6,0,0.1359,7394.0,0,0.0,326.0,0,0,0,0,0,0,0,0,0,0,0,0
Lehigh University,213543,PA,Private,R1,2021Q3,-5,0,0.1359,7394.0,0,0.0,326.0,0,0,0,0,0,0,0,0,0,0,0,0
Lehigh University,213543,PA,Private,R1,2021Q4,-4,0,0.1359,7394.0,0,0.0,326.0,0,0,0,0,0,0,0,0,0,0,0,0
Lehigh University,213543,PA,Private,R1,2022Q1,-3,0,0.1359,7394.0,0,0.0,326.0,0,0,0,0,0,0,0,0,0,0,0,0
Lehigh University,213543,PA,Private,R1,2022Q2,-2,0,0.1359,7394.0,0,0.0,656.0,0,0,0,0,0,0,0,0,0,0,0,0
Lehigh University,213543,PA,Private,R1,2022Q3,-1,0,0.1359,7394.0,0,0.0,656.0,0,0,0,0,0,0,0,0,0,0,0,0
Lehigh University,213543,PA,Private,R1,2022Q4,0,1,0.1359,7394.0,0,0.0,662.0,0,0,0,0,0,0,0,0,0,0,0,0
Lehigh University,213543,PA,Private,R1,2023Q1,1,1,0.1359,7394.0,0,0.0,662.0,0,0,0,0,0,0,0,0,0,0,0,0
Lehigh University,213543,PA,Private,R1,2023Q2,2,1,0.1359,7394.0,0,0.0,662.0,0,0,0,0,0,0,0,0,0,0,0,0
Lehigh University,213543,PA,Private,R1,2023Q3,3,1,0.1359,7394.0,0,0.0,659.0,0,0,0,0,0,0,0,0,0,0,0,0
Lehigh University,213543,PA,Private,R1,2023Q4,4,1,0.1359,7394.0,0,0.0,659.0,0,0,0,0,0,0,0,0,0,0,0,0
Lehigh University,213543,PA,Private,R1,2024Q1,5,1,0.1359,7394.0,0,0.0,659.0,0,0,0,0,0,0,0,0,0,0,0,0
Lehigh University,213543,PA,Private,R1,2024Q2,6,1,0.1359,7394.0,0,0.0,659.0,0,0,0,0,0,0,0,0,0,0,0,0
Lehigh University,213543,PA,Private,R1,2024Q3,7,1,0.1359,7394.0,0,0.0,659.0,0,0,0,0,0,0,0,0,0,0,0,0
Lehigh University,213543,PA,Private,R1,2024Q4,8,1,0.1359,7394.0,0,0.0,659.0,0,0,0,0,0,0,0,0,0,0,0,0
University of Pennsylvania,215062,PA,Private,R1,2021Q1,-7,0,0.2458,28201.0,0,0.0,557.0,0,0,0,0,0,0,0,0,0,0,0,0
University of Pennsylvania,215062,PA,Private,R1,2021Q2,-6,0,0.2458,28201.0,0,0.0,557.0,0,0,0,0,0,0,0,0,0,0,0,0
University of Pennsylvania,215062,PA,Private,R1,2021Q3,-5,0,0.2458,28201.0,0,0.0,552.0,0,0,0,0,0,0,0,0,0,0,0,0
University of Pennsylvania,215062,PA,Private,R1,2021Q4,-4,0,0.2458,28201.0,0,0.0,552.0,0,0,0,0,0,0,0,0,0,0,0,0
University of Pennsylvania,215062,PA,Private,R1,2022Q1,-3,0,0.2458,28201.0,0,0.0,552.0,0,0,0,0,0,0,0,0,0,0,0,0
University of Pennsylvania,215062,PA,Private,R1,2022Q2,-2,0,0.2458,28201.0,0,0.0,552.0,0,0,0,0,0,0,0,0,0,0,0,0
University of Pennsylvania,215062,PA,Private,R1,2022Q3,-1,0,0.2458,28201.0,0,0.0,560.0,0,0,0,0,0,0,0,0,0,0,0,0
University of Pennsylvania,215062,PA,Private,R1,2022Q4,0,1,0.2458,28201.0,0,0.0,560.0,0,0,0,0,0,0,0,0,0,0,0,0
University of Pennsylvania,215062,PA,Private,R1,2023Q1,1,1,0.2458,28201.0,0,0.0,560.0,0,0,0,0,0,0,0,0,0,0,0,0
University of Pennsylvania,215062,PA,Private,R1,2023Q2,2,1,0.2458,28201.0,0,0.0,560.0,0,0,0,0,0,0,0,0,0,0,0,0
University of Pennsylvania,215062,PA,Private,R1,2023Q3,3,1,0.2458,28201.0,0,0.0,560.0,0,0,0,0,0,0,0,0,0,0,0,0
University of Pennsylvania,215062,PA,Private,R1,2023Q4,4,1,0.2458,28201.0,0,0.0,560.0,0,0,0,0,0,0,0,0,0,0,0,0
University of Pennsylvania,215062,PA,Private,R1,2024Q1,5,1,0.2458,28201.0,0,0.0,560.0,0,0,0,0,0,0,0,0,0,0,0,0
University of Pennsylvania,215062,PA,Private,R1,2024Q2,6,1,0.2458,28201.0,1,15.0,1002.0,0,0,0,1,0,1,0,0,1,1,0,2
University of Pennsylvania,215062,PA,Private,R1,2024Q3,7,1,0.2458,28201.0,1,15.0,1002.0,0,0,0,1,0,1,0,0,1,1,0,2
University of Pennsylvania,215062,PA,Private,R1,2024Q4,8,1,0.2458,28201.0,1,15.0,1002.0,0,0,0,1,0,1,0,0,1,1,0,2
Temple University,216339,PA,Public,R1,2021Q1,-7,0,0.058,33196.0,0,0.0,214.0,0,0,0,0,0,0,0,0,0,0,0,0
Temple University,216339,PA,Public,R1,2021Q2,-6,0,0.058,33196.0,0,0.0,214.0,0,0,0,0,0,0,0,0,0,0,0,0
Temple University,216339,PA,Public,R1,2021Q3,-5,0,0.058,33196.0,0,0.0,214.0,0,0,0,0,0,0,0,0,0,0,0,0
Temple University,216339,PA,Public,R1,2021Q4,-4,0,0.058,33196.0,0,0.0,214.0,0,0,0,0,0,0,0,0,0,0,0,0
Temple University,216339,PA,Public,R1,2022Q1,-3,0,0.058,33196.0,0,0.0,210.0,0,0,0,0,0,0,0,0,0,0,0,0
Temple University,216339,PA,Public,R1,2022Q2,-2,0,0.058,33196.0,0,0.0,210.0,0,0,0,0,0,0,0,0,0,0,0,0
Temple University,216339,PA,Public,R1,2022Q3,-1,0,0.058,33196.0,0,0.0,200.0,0,0,0,0,0,0,0,0,0,0,0,0
Temple University,216339,PA,Public,R1,2022Q4,0,1,0.058,33196.0,0,0.0,200.0,0,0,0,0,0,0,0,0,0,0,0,0
Temple University,216339,PA,Public,R1,2023Q1,1,1,0.058,33196.0,0,0.0,200.0,0,0,0,0,0,0,0,0,0,0,0,0
Temple University,216339,PA,Public,R1,2023Q2,2,1,0.058,33196.0,0,0.0,200.0,0,0,0,0,0,0,0,0,0,0,0,0
Temple University,216339,PA,Public,R1,2023Q3,3,1,0.058,33196.0,1,74.0,2422.0,1,1,1,1,1,1,0,0,4,2,2,6
Temple University,216339,PA,Public,R1,2023Q4,4,1,0.058,33196.0,1,74.0,2422.0,1,1,1,1,1,1,0,0,4,2,2,6
Temple University,216339,PA,Public,R1,2024Q1,5,1,0.058,33196.0,1,74.0,2422.0,1,1,1,1,1,1,0,0,4,2,2,6
Temple University,216339,PA,Public,R1,2024Q2,6,1,0.058,33196.0,1,81.0,2423.0,1,1,1,1,1,1,0,0,4,2,2,6
Temple University,216339,PA,Public,R1,2024Q3,7,1,0.058,33196.0,1,81.0,2423.0,1,1,1,1,1,1,0,0,4,2,2,6
Temple University,216339,PA,Public,R1,2024Q4,8,1,0.058,33196.0,1,81.0,2423.0,1,1,1,1,1,1,0,0,4,2,2,6
Vanderbilt University,221999,TN,Private,R1,2021Q1,-7,0,0.125,13710.0,0,0.0,7103.0,0,0,0,0,0,0,0,0,0,0,0,0
Vanderbilt University,221999,TN,Private,R1,2021Q2,-6,0,0.125,13710.0,0,0.0,7103.0,0,0,0,0,0,0,0,0,0,0,0,0
Vanderbilt University,221999,TN,Private,R1,2021Q3,-5,0,0.125,13710.0,0,0.0,7316.0,0,0,0,0,0,0,0,0,0,0,0,0
Vanderbilt University,221999,TN,Private,R1,2021Q4,-4,0,0.125,13710.0,0,0.0,7316.0,0,0,0,0,0,0,0,0,0,0,0,0
Vanderbilt University,221999,TN,Private,R1,2022Q1,-3,0,0.125,13710.0,0,0.0,7316.0,0,0,0,0,0,0,0,0,0,0,0,0
Vanderbilt University,221999,TN,Private,R1,2022Q2,-2,0,0.125,13710.0,0,0.0,7316.0,0,0,0,0,0,0,0,0,0,0,0,0
Vanderbilt University,221999,TN,Private,R1,2022Q3,-1,0,0.125,13710.0,0,0.0,7316.0,0,0,0,0,0,0,0,0,0,0,0,0
Vanderbilt University,221999,TN,Private,R1,2022Q4,0,1,0.125,13710.0,0,0.0,7627.0,0,0,0,0,0,0,0,0,0,0,0,0
Vanderbilt University,221999,TN,Private,R1,2023Q1,1,1,0.125,13710.0,0,0.0,7627.0,0,0,0,0,0,0,0,0,0,0,0,0
Vanderbilt University,221999,TN,Private,R1,2023Q2,2,1,0.125,13710.0,0,0.0,7627.0,0,0,0,0,0,0,0,0,0,0,0,0
Vanderbilt University,221999,TN,Private,R1,2023Q3,3,1,0.125,13710.0,0,0.0,7627.0,0,0,0,0,0,0,0,0,0,0,0,0
Vanderbilt University,221999,TN,Private,R1,2023Q4,4,1,0.125,13710.0,0,0.0,7627.0,0,0,0,0,0,0,0,0,0,0,0,0
Vanderbilt University,221999,TN,Private,R1,2024Q1,5,1,0.125,13710.0,1,65.0,7627.0,0,0,0,0,0,0,0,0,0,0,0,0
Vanderbilt University,221999,TN,Private,R1,2024Q2,6,1,0.125,13710.0,1,65.0,7627.0,0,0,0,0,0,0,0,0,0,0,0,0
Vanderbilt University,221999,TN,Private,R1,2024Q3,7,1,0.125,13710.0,1,103.0,7627.0,1,1,1,1,0,1,0,1,4,2,2,6
Vanderbilt University,221999,TN,Private,R1,2024Q4,8,1,0.125,13710.0,1,103.0,7627.0,1,1,1,1,0,1,0,1,4,2,2,6
Rice University,227757,TX,Private,R1,2021Q1,-7,0,0.2759,8672.0,0,0.0,142.0,0,0,0,0,0,0,0,0,0,0,0,0
Rice University,227757,TX,Private,R1,2021Q2,-6,0,0.2759,8672.0,0,0.0,387.0,0,0,0,0,0,0,0,0,0,0,0,0
Rice University,227757,TX,Private,R1,2021Q3,-5,0,0.2759,8672.0,0,0.0,387.0,0,0,0,0,0,0,0,0,0,0,0,0
Rice University,227757,TX,Private,R1,2021Q4,-4,0,0.2759,8672.0,0,0.0,387.0,0,0,0,0,0,0,0,0,0,0,0,0
Rice University,227757,TX,Private,R1,2022Q1,-3,0,0.2759,8672.0,0,0.0,387.0,0,0,0,0,0,0,0,0,0,0,0,0
Rice University,227757,TX,Private,R1,2022Q2,-2,0,0.2759,8672.0,0,0.0,387.0,0,0,0,0,0,0,0,0,0,0,0,0
Rice University,227757,TX,Private,R1,2022Q3,-1,0,0.2759,8672.0,0,0.0,434.0,0,0,0,0,0,0,0,0,0,0,0,0
Rice University,227757,TX,Private,R1,2022Q4,0,1,0.2759,8672.0,0,0.0,434.0,0,0,0,0,0,0,0,0,0,0,0,0
Rice University,227757,TX,Private,R1,2023Q1,1,1,0.2759,8672.0,0,0.0,434.0,0,0,0,0,0,0,0,0,0,0,0,0
Rice University,227757,TX,Private,R1,2023Q2,2,1,0.2759,8672.0,0,0.0,437.0,0,0,0,0,0,0,0,0,0,0,0,0
Rice University,227757,TX,Private,R1,2023Q3,3,1,0.2759,8672.0,0,0.0,437.0,0,0,0,0,0,0,0,0,0,0,0,0
Rice University,227757,TX,Private,R1,2023Q4,4,1,0.2759,8672.0,1,15.0,607.0,0,0,0,0,1,1,0,0,0,2,-2,2
Rice University,227757,TX,Private,R1,2024Q1,5,1,0.2759,8672.0,1,15.0,607.0,0,0,0,0,1,1,0,0,0,2,-2,2
Rice University,227757,TX,Private,R1,2024Q2,6,1,0.2759,8672.0,1,15.0,607.0,0,0,0,0,1,1,0,0,0,2,-2,2
Rice University,227757,TX,Private,R1,2024Q3,7,1,0.2759,8672.0,1,15.0,607.0,0,0,0,0,1,1,0,0,0,2,-2,2
Rice University,227757,TX,Private,R1,2024Q4,8,1,0.2759,8672.0,1,15.0,607.0,0,0,0,0,1,1,0,0,0,2,-2,2
Texas A & M University,228723,TX,Public,R1,2021Q1,-7,0,0.0736,74014.0,0,0.0,421.0,0,0,0,0,0,0,0,0,0,0,0,0
Texas A & M University,228723,TX,Public,R1,2021Q2,-6,0,0.0736,74014.0,0,0.0,425.0,0,0,0,0,0,0,0,0,0,0,0,0
Texas A & M University,228723,TX,Public,R1,2021Q3,-5,0,0.0736,74014.0,0,0.0,425.0,0,0,0,0,0,0,0,0,0,0,0,0
Texas A & M University,228723,TX,Public,R1,2021Q4,-4,0,0.0736,74014.0,0,0.0,425.0,0,0,0,0,0,0,0,0,0,0,0,0
Texas A & M University,228723,TX,Public,R1,2022Q1,-3,0,0.0736,74014.0,0,0.0,425.0,0,0,0,0,0,0,0,0,0,0,0,0
Texas A & M University,228723,TX,Public,R1,2022Q2,-2,0,0.0736,74014.0,0,0.0,220.0,0,0,0,0,0,0,0,0,0,0,0,0
Texas A & M University,228723,TX,Public,R1,2022Q3,-1,0,0.0736,74014.0,0,0.0,425.0,0,0,0,0,0,0,0,0,0,0,0,0
Texas A & M University,228723,TX,Public,R1,2022Q4,0,1,0.0736,74014.0,0,0.0,425.0,0,0,0,0,0,0,0,0,0,0,0,0
Texas A & M University,228723,TX,Public,R1,2023Q1,1,1,0.0736,74014.0,0,0.0,263.0,0,0,0,0,0,0,0,0,0,0,0,0
Texas A & M University,228723,TX,Public,R1,2023Q2,2,1,0.0736,74014.0,0,0.0,337.0,0,0,0,0,0,0,0,0,0,0,0,0
Texas A & M University,228723,TX,Public,R1,2023Q3,3,1,0.0736,74014.0,0,0.0,425.0,0,0,0,0,0,0,0,0,0,0,0,0
Texas A & M University,228723,TX,Public,R1,2023Q4,4,1,0.0736,74014.0,0,0.0,425.0,0,0,0,0,0,0,0,0,0,0,0,0
Texas A & M University,228723,TX,Public,R1,2024Q1,5,1,0.0736,74014.0,0,0.0,656.0,0,0,0,0,0,0,0,0,0,0,0,0
Texas A & M University,228723,TX,Public,R1,2024Q2,6,1,0.0736,74014.0,0,0.0,660.0,0,0,0,0,0,0,0,0,0,0,0,0
Texas A & M University,228723,TX,Public,R1,2024Q3,7,1,0.0736,74014.0,0,0.0,709.0,0,0,0,0,0,0,0,0,0,0,0,0
Texas A & M University,228723,TX,Public,R1,2024Q4,8,1,0.0736,74014.0,1,45.0,734.0,0,0,0,0,0,0,0,0,0,0,0,0
University of Texas at Arlington,228769,TX,Public,R1,2021Q1,-7,0,0.1387,43946.0,0,0.0,4276.0,0,0,0,0,0,0,0,0,0,0,0,0
University of Texas at Arlington,228769,TX,Public,R1,2021Q2,-6,0,0.1387,43946.0,0,0.0,4276.0,0,0,0,0,0,0,0,0,0,0,0,0
University of Texas at Arlington,228769,TX,Public,R1,2021Q3,-5,0,0.1387,43946.0,0,0.0,4276.0,0,0,0,0,0,0,0,0,0,0,0,0
University of Texas at Arlington,228769,TX,Public,R1,2021Q4,-4,0,0.1387,43946.0,0,0.0,5834.0,0,0,0,0,0,0,0,0,0,0,0,0
University of Texas at Arlington,228769,TX,Public,R1,2022Q1,-3,0,0.1387,43946.0,0,0.0,5834.0,0,0,0,0,0,0,0,0,0,0,0,0
University of Texas at Arlington,228769,TX,Public,R1,2022Q2,-2,0,0.1387,43946.0,0,0.0,5834.0,0,0,0,0,0,0,0,0,0,0,0,0
University of Texas at Arlington,228769,TX,Public,R1,2022Q3,-1,0,0.1387,43946.0,0,0.0,5834.0,0,0,0,0,0,0,0,0,0,0,0,0
University of Texas at Arlington,228769,TX,Public,R1,2022Q4,0,1,0.1387,43946.0,0,0.0,5834.0,0,0,0,0,0,0,0,0,0,0,0,0
University of Texas at Arlington,228769,TX,Public,R1,2023Q1,1,1,0.1387,43946.0,0,0.0,5834.0,0,0,0,0,0,0,0,0,0,0,0,0
University of Texas at Arlington,228769,TX,Public,R1,2023Q2,2,1,0.1387,43946.0,0,0.0,5834.0,0,0,0,0,0,0,0,0,0,0,0,0
University of Texas at Arlington,228769,TX,Public,R1,2023Q3,3,1,0.1387,43946.0,0,0.0,5834.0,0,0,0,0,0,0,0,0,0,0,0,0
University of Texas at Arlington,228769,TX,Public,R1,2023Q4,4,1,0.1387,43946.0,0,0.0,5834.0,0,0,0,0,0,0,0,0,0,0,0,0
University of Texas at Arlington,228769,TX,Public,R1,2024Q1,5,1,0.1387,43946.0,0,0.0,5834.0,0,0,0,0,0,0,0,0,0,0,0,0
University of Texas at Arlington,228769,TX,Public,R1,2024Q2,6,1,0.1387,43946.0,0,0.0,5834.0,0,0,0,0,0,0,0,0,0,0,0,0
University of Texas at Arlington,228769,TX,Public,R1,2024Q3,7,1,0.1387,43946.0,0,0.0,5834.0,0,0,0,0,0,0,0,0,0,0,0,0
University of Texas at Arlington,228769,TX,Public,R1,2024Q4,8,1,0.1387,43946.0,0,0.0,5834.0,0,0,0,0,0,0,0,0,0,0,0,0
George Mason University,232186,VA,Public,R1,2021Q1,-7,0,0.1003,39049.0,0,0.0,328.0,0,0,0,0,0,0,0,0,0,0,0,0
George Mason University,232186,VA,Public,R1,2021Q2,-6,0,0.1003,39049.0,0,0.0,328.0,0,0,0,0,0,0,0,0,0,0,0,0
George Mason University,232186,VA,Public,R1,2021Q3,-5,0,0.1003,39049.0,0,0.0,328.0,0,0,0,0,0,0,0,0,0,0,0,0
George Mason University,232186,VA,Public,R1,2021Q4,-4,0,0.1003,39049.0,0,0.0,356.0,0,0,0,0,0,0,0,0,0,0,0,0
George Mason University,232186,VA,Public,R1,2022Q1,-3,0,0.1003,39049.0,0,0.0,356.0,0,0,0,0,0,0,0,0,0,0,0,0
George Mason University,232186,VA,Public,R1,2022Q2,-2,0,0.1003,39049.0,0,0.0,541.0,0,0,0,0,0,0,0,0,0,0,0,0
George Mason University,232186,VA,Public,R1,2022Q3,-1,0,0.1003,39049.0,0,0.0,541.0,0,0,0,0,0,0,0,0,0,0,0,0
George Mason University,232186,VA,Public,R1,2022Q4,0,1,0.1003,39049.0,0,0.0,541.0,0,0,0,0,0,0,0,0,0,0,0,0
George Mason University,232186,VA,Public,R1,2023Q1,1,1,0.1003,39049.0,0,0.0,541.0,0,0,0,0,0,0,0,0,0,0,0,0
George Mason University,232186,VA,Public,R1,2023Q2,2,1,0.1003,39049.0,0,0.0,541.0,0,0,0,0,0,0,0,0,0,0,0,0
George Mason University,232186,VA,Public,R1,2023Q3,3,1,0.1003,39049.0,1,9.0,709.0,0,0,0,1,0,0,0,0,1,0,1,1
George Mason University,232186,VA,Public,R1,2023Q4,4,1,0.1003,39049.0,1,9.0,709.0,0,0,0,1,0,0,0,0,1,0,1,1
George Mason University,232186,VA,Public,R1,2024Q1,5,1,0.1003,39049.0,1,9.0,709.0,0,0,0,1,0,0,0,0,1,0,1,1
George Mason University,232186,VA,Public,R1,2024Q2,6,1,0.1003,39049.0,1,13.0,955.0,1,0,1,1,1,1,0,0,3,2,1,5
George Mason University,232186,VA,Public,R1,2024Q3,7,1,0.1003,39049.0,1,21.0,909.0,1,0,1,1,1,1,0,0,3,2,1,5
George Mason University,232186,VA,Public,R1,2024Q4,8,1,0.1003,39049.0,1,21.0,908.0,1,0,1,1,1,1,0,0,3,2,1,5
James Madison University,232423,VA,Public,M,2021Q1,-7,0,0.0123,22224.0,0,0.0,411.0,0,0,0,0,0,0,0,0,0,0,0,0
James Madison University,232423,VA,Public,M,2021Q2,-6,0,0.0123,22224.0,0,0.0,6253.0,0,0,0,0,0,0,0,0,0,0,0,0
James Madison University,232423,VA,Public,M,2021Q3,-5,0,0.0123,22224.0,0,0.0,6253.0,0,0,0,0,0,0,0,0,0,0,0,0
James Madison University,232423,VA,Public,M,2021Q4,-4,0,0.0123,22224.0,0,0.0,6247.0,0,0,0,0,0,0,0,0,0,0,0,0
James Madison University,232423,VA,Public,M,2022Q1,-3,0,0.0123,22224.0,0,0.0,6247.0,0,0,0,0,0,0,0,0,0,0,0,0
James Madison University,232423,VA,Public,M,2022Q2,-2,0,0.0123,22224.0,0,0.0,6246.0,0,0,0,0,0,0,0,0,0,0,0,0
James Madison University,232423,VA,Public,M,2022Q3,-1,0,0.0123,22224.0,0,0.0,6246.0,0,0,0,0,0,0,0,0,0,0,0,0
James Madison University,232423,VA,Public,M,2022Q4,0,1,0.0123,22224.0,0,0.0,6766.0,0,0,0,0,0,0,0,0,0,0,0,0
James Madison University,232423,VA,Public,M,2023Q1,1,1,0.0123,22224.0,0,0.0,6766.0,0,0,0,0,0,0,0,0,0,0,0,0
James Madison University,232423,VA,Public,M,2023Q2,2,1,0.0123,22224.0,0,0.0,6771.0,0,0,0,0,0,0,0,0,0,0,0,0
James Madison University,232423,VA,Public,M,2023Q3,3,1,0.0123,22224.0,0,0.0,6771.0,0,0,0,0,0,0,0,0,0,0,0,0
James Madison University,232423,VA,Public,M,2023Q4,4,1,0.0123,22224.0,0,0.0,6767.0,0,0,0,0,0,0,0,0,0,0,0,0
James Madison University,232423,VA,Public,M,2024Q1,5,1,0.0123,22224.0,0,0.0,6768.0,0,0,0,0,0,0,0,0,0,0,0,0
James Madison University,232423,VA,Public,M,2024Q2,6,1,0.0123,22224.0,0,0.0,6768.0,0,0,0,0,0,0,0,0,0,0,0,0
James Madison University,232423,VA,Public,M,2024Q3,7,1,0.0123,22224.0,0,0.0,6768.0,0,0,0,0,0,0,0,0,0,0,0,0
James Madison University,232423,VA,Public,M,2024Q4,8,1,0.0123,22224.0,0,0.0,6768.0,0,0,0,0,0,0,0,0,0,0,0,0
Virginia Polytechnic Institute and State University,233921,VA,Public,R1,2021Q1,-7,0,0.1018,38170.0,0,0.0,1230.0,0,0,0,0,0,0,0,0,0,0,0,0
Virginia Polytechnic Institute and State University,233921,VA,Public,R1,2021Q2,-6,0,0.1018,38170.0,0,0.0,1234.0,0,0,0,0,0,0,0,0,0,0,0,0
Virginia Polytechnic Institute and State University,233921,VA,Public,R1,2021Q3,-5,0,0.1018,38170.0,0,0.0,1283.0,0,0,0,0,0,0,0,0,0,0,0,0
Virginia Polytechnic Institute and State University,233921,VA,Public,R1,2021Q4,-4,0,0.1018,38170.0,0,0.0,1283.0,0,0,0,0,0,0,0,0,0,0,0,0
Virginia Polytechnic Institute and State University,233921,VA,Public,R1,2022Q1,-3,0,0.1018,38170.0,0,0.0,1283.0,0,0,0,0,0,0,0,0,0,0,0,0
Virginia Polytechnic Institute and State University,233921,VA,Public,R1,2022Q2,-2,0,0.1018,38170.0,0,0.0,1283.0,0,0,0,0,0,0,0,0,0,0,0,0
Virginia Polytechnic Institute and State University,233921,VA,Public,R1,2022Q3,-1,0,0.1018,38170.0,0,0.0,1283.0,0,0,0,0,0,0,0,0,0,0,0,0
Virginia Polytechnic Institute and State University,233921,VA,Public,R1,2022Q4,0,1,0.1018,38170.0,0,0.0,1283.0,0,0,0,0,0,0,0,0,0,0,0,0
Virginia Polytechnic Institute and State University,233921,VA,Public,R1,2023Q1,1,1,0.1018,38170.0,0,0.0,1283.0,0,0,0,0,0,0,0,0,0,0,0,0
Virginia Polytechnic Institute and State University,233921,VA,Public,R1,2023Q2,2,1,0.1018,38170.0,0,0.0,621.0,0,0,0,0,0,0,0,0,0,0,0,0
Virginia Polytechnic Institute and State University,233921,VA,Public,R1,2023Q3,3,1,0.1018,38170.0,0,0.0,621.0,0,0,0,0,0,0,0,0,0,0,0,0
Virginia Polytechnic Institute and State University,233921,VA,Public,R1,2023Q4,4,1,0.1018,38170.0,0,0.0,621.0,0,0,0,0,0,0,0,0,0,0,0,0
Virginia Polytechnic Institute and State University,233921,VA,Public,R1,2024Q1,5,1,0.1018,38170.0,0,0.0,621.0,0,0,0,0,0,0,0,0,0,0,0,0
Virginia Polytechnic Institute and State University,233921,VA,Public,R1,2024Q2,6,1,0.1018,38170.0,0,0.0,704.0,0,0,0,0,0,0,0,0,0,0,0,0
Virginia Polytechnic Institute and State University,233921,VA,Public,R1,2024Q3,7,1,0.1018,38170.0,0,0.0,1418.0,0,0,0,0,0,0,0,0,0,0,0,0
Virginia Polytechnic Institute and State University,233921,VA,Public,R1,2024Q4,8,1,0.1018,38170.0,0,0.0,1418.0,0,0,0,0,0,0,0,0,0,0,0,0
Purdue University,243780,IN,Public,R1,2021Q1,-7,0,0.1832,51528.0,0,0.0,0.0,0,0,0,0,0,0,0,0,0,0,0,0
Purdue University,243780,IN,Public,R1,2021Q2,-6,0,0.1832,51528.0,0,0.0,1775.0,0,0,0,0,0,0,0,0,0,0,0,0
Purdue University,243780,IN,Public,R1,2021Q3,-5,0,0.1832,51528.0,0,0.0,1775.0,0,0,0,0,0,0,0,0,0,0,0,0
Purdue University,243780,IN,Public,R1,2021Q4,-4,0,0.1832,51528.0,0,0.0,1775.0,0,0,0,0,0,0,0,0,0,0,0,0
Purdue University,243780,IN,Public,R1,2022Q1,-3,0,0.1832,51528.0,0,0.0,1775.0,0,0,0,0,0,0,0,0,0,0,0,0
Purdue University,243780,IN,Public,R1,2022Q2,-2,0,0.1832,51528.0,0,0.0,1775.0,0,0,0,0,0,0,0,0,0,0,0,0
Purdue University,243780,IN,Public,R1,2022Q3,-1,0,0.1832,51528.0,0,0.0,1775.0,0,0,0,0,0,0,0,0,0,0,0,0
Purdue University,243780,IN,Public,R1,2022Q4,0,1,0.1832,51528.0,0,0.0,1775.0,0,0,0,0,0,0,0,0,0,0,0,0
Purdue University,243780,IN,Public,R1,2023Q1,1,1,0.1832,51528.0,0,0.0,1775.0,0,0,0,0,0,0,0,0,0,0,0,0
Purdue University,243780,IN,Public,R1,2023Q2,2,1,0.1832,51528.0,0,0.0,1792.0,0,0,0,0,0,0,0,0,0,0,0,0
Purdue University,243780,IN,Public,R1,2023Q3,3,1,0.1832,51528.0,0,0.0,1796.0,0,0,0,0,0,0,0,0,0,0,0,0
Purdue University,243780,IN,Public,R1,2023Q4,4,1,0.1832,51528.0,0,0.0,1796.0,0,0,0,0,0,0,0,0,0,0,0,0
Purdue University,243780,IN,Public,R1,2024Q1,5,1,0.1832,51528.0,0,0.0,1796.0,0,0,0,0,0,0,0,0,0,0,0,0
Purdue University,243780,IN,Public,R1,2024Q2,6,1,0.1832,51528.0,0,0.0,1796.0,0,0,0,0,0,0,0,0,0,0,0,0
Purdue University,243780,IN,Public,R1,2024Q3,7,1,0.1832,51528.0,0,0.0,1796.0,0,0,0,0,0,0,0,0,0,0,0,0
Purdue University,243780,IN,Public,R1,2024Q4,8,1,0.1832,51528.0,0,0.0,1796.0,0,0,0,0,0,0,0,0,0,0,0,0
