unitid,adoption_year,cohort,n_years_pre,ever_required
100654,2021,covid,12,1
100663,2021,covid,12,1
100690,,never,0,1
100706,2022,post,13,1
100724,2021,covid,12,1
100733,,never,0,0
100751,2021,covid,12,1
100812,,never,0,0
100830,,never,0,1
100858,2022,post,13,1
100937,2018,pre_covid,9,1
101116,,never,0,1
101189,2021,covid,9,1
101365,,never,0,1
101435,2021,covid,12,1
101453,,never,0,1
101480,2021,covid,12,1
101541,,never,0,1
101587,,never,0,1
101675,,never,0,0
101693,2022,post,13,1
101709,2021,covid,12,1
101879,,never,0,1
101912,,never,0,1
102049,2019,pre_covid,10,1
102058,,never,0,0
102094,,never,0,1
102234,2019,pre_covid,10,1
102270,,never,0,1
102298,,never,0,0
102368,,never,0,1
102377,,never,0,1
102395,,never,0,0
102553,,never,0,1
102580,,never,0,0
102614,,never,0,1
102632,,never,0,1
102669,,never,0,1
102845,,never,0,0
103529,,never,0,0
104090,,never,0,0
104151,,never,0,1
104179,2018,pre_covid,9,1
104188,,never,0,0
104586,2017,pre_covid,8,1
104665,,never,0,0
104717,2022,post,13,1
105297,,never,0,0
105330,,never,0,1
105367,,never,0,0
105534,,never,0,0
105589,2017,pre_covid,8,1
105899,2021,covid,12,1
106245,,never,0,1
106263,,never,0,0
106306,,never,0,0
106342,2020,covid,11,1
106397,2022,post,13,1
106412,,never,0,1
106458,2022,post,13,1
106467,2022,post,13,1
106485,,never,0,0
106704,2020,covid,11,1
106713,,never,0,1
106810,,never,0,0
107044,,never,0,1
107071,,never,0,1
107080,2019,pre_covid,10,1
107141,2021,covid,12,1
107512,2022,post,13,1
107558,2017,pre_covid,8,1
107600,,never,0,1
107877,2022,post,13,1
107983,,never,0,1
108056,,never,0,0
108092,,never,0,1
108232,,never,0,0
108269,,never,0,0
108861,,never,0,0
108870,,never,0,0
109086,,never,0,0
109350,,never,0,0
109651,,never,0,1
109785,2019,pre_covid,10,1
109819,,never,0,0
110060,,never,0,0
110097,2021,covid,12,1
110219,,never,0,0
110316,,never,0,0
110361,,never,0,1
110370,,never,0,1
110398,,never,0,0
110404,,never,0,1
110413,2021,covid,12,1
110422,,never,0,1
110468,,never,0,0
110486,,never,0,1
110495,,never,0,1
110501,,never,0,0
110510,,never,0,1
110529,,never,0,1
110538,,never,0,1
110547,,never,0,1
110556,,never,0,1
110565,,never,0,1
110574,,never,0,1
110583,,never,0,1
110592,,never,0,1
110608,,never,0,1
110617,,never,0,1
110635,,never,0,1
110644,,never,0,1
110653,,never,0,1
110662,,never,0,1
110671,,never,0,1
110680,,never,0,1
110699,,never,0,0
110705,,never,0,1
110714,,never,0,1
110778,,never,0,0
110918,2022,post,13,1
111045,,never,0,0
111081,,never,0,0
111188,,never,0,1
111391,,never,0,0
111638,,never,0,0
111948,2020,covid,11,1
111966,2017,pre_covid,4,1
112075,2021,covid,12,1
112084,2019,pre_covid,10,1
112127,,never,0,0
112251,,never,0,0
112260,2021,covid,12,1
112394,,never,0,1
112525,,never,0,0
112570,,never,0,1
113236,,never,0,0
113582,,never,0,0
113698,2020,covid,11,1
113704,,never,0,0
114114,,never,0,0
114123,,never,0,0
114354,,never,0,1
114390,,never,0,1
114433,,never,0,0
114549,,never,0,0
114585,,never,0,0
114716,,never,0,0
114734,,never,0,0
114813,2021,covid,12,1
114831,,never,0,0
114840,,never,0,0
115010,,never,0,0
115083,,never,0,0
115214,,never,0,0
115409,2020,covid,11,1
115728,,never,0,1
115746,,never,0,0
115755,,never,0,1
115773,,never,0,0
116226,,never,0,0
116846,,never,0,1
117104,2021,covid,12,1
117140,2019,pre_covid,10,1
117168,,never,0,1
117283,,never,0,0
117520,,never,0,0
117557,,never,0,0
117575,,never,0,0
117627,,never,0,1
117636,,never,0,0
117672,,never,0,0
117681,,never,0,0
117751,2018,pre_covid,9,1
117946,2020,covid,11,1
118541,,never,0,1
118693,,never,0,1
118888,2016,pre_covid,7,1
118912,,never,0,0
118976,,never,0,0
119058,,never,0,0
119173,2020,covid,11,1
119270,2022,post,13,1
119605,,never,0,0
119678,,never,0,0
119775,,never,0,1
120023,,never,0,0
120166,2020,covid,1,1
120184,,never,0,1
120254,2021,covid,12,1
120403,2018,pre_covid,9,1
120537,2021,covid,12,1
120698,,never,0,0
120768,,never,0,0
120795,,never,0,0
120838,,never,0,0
120865,2022,post,13,1
120883,2020,covid,11,1
121150,2020,covid,11,1
121257,,never,0,0
121275,,never,0,0
121309,2020,covid,11,1
121345,2021,covid,12,1
121619,,never,0,0
121628,,never,0,0
121691,2021,covid,12,1
121886,,never,0,0
122117,,never,0,0
122296,,never,0,0
122320,,never,0,0
122375,,never,0,0
122409,,never,0,1
122436,,never,0,1
122454,,never,0,1
122506,2022,post,13,1
122597,,never,0,1
122612,2019,pre_covid,10,1
122649,,never,0,0
122685,,never,0,0
122728,2022,post,13,1
122755,,never,0,1
122782,,never,0,0
122834,,never,0,0
122852,,never,0,0
122931,2021,covid,12,1
122977,,never,0,0
123095,,never,0,0
123165,2020,covid,11,1
123280,,never,0,1
123299,,never,0,0
123448,,never,0,0
123457,2020,covid,11,1
123509,,never,0,0
123554,2020,covid,11,1
123563,,never,0,0
123572,,never,0,1
123633,,never,0,0
123651,2021,covid,12,1
123916,,never,0,0
123943,,never,0,0
123952,2020,covid,5,1
123961,2021,covid,12,1
123970,,never,0,0
124283,,never,0,0
124292,,never,0,1
124487,,never,0,0
124557,,never,0,0
125037,,never,0,0
125231,,never,0,0
125471,,never,0,0
125718,,never,0,0
125727,2021,covid,12,1
125763,2016,pre_covid,7,1
125897,2017,pre_covid,7,1
126012,,never,0,0
126049,,never,0,0
126076,,never,0,0
126100,,never,0,0
126182,2021,covid,12,1
126289,,never,0,0
126562,2021,covid,12,1
126580,2022,post,13,1
126614,2020,covid,11,1
126669,,never,0,1
126678,2022,post,13,1
126711,,never,0,0
126775,2020,covid,11,1
126818,2020,covid,11,1
126827,,never,0,0
126942,,never,0,0
126979,,never,0,0
127060,2019,pre_covid,10,1
127185,2021,covid,12,1
127200,,never,0,0
127273,,never,0,0
127556,2021,covid,12,1
127565,2021,covid,12,1
127617,,never,0,0
127653,,never,0,0
127714,,never,0,0
127741,2022,post,13,1
127820,,never,0,0
127884,,never,0,0
127909,,never,0,0
127918,2021,covid,12,1
127945,,never,0,1
127954,,never,0,0
128106,2021,covid,12,1
128258,,never,0,0
128300,,never,0,0
128328,,never,0,1
128391,2021,covid,12,1
128498,2018,pre_covid,6,1
128586,,never,0,0
128744,2020,covid,11,1
128771,2021,covid,12,1
128780,,never,0,0
128902,,never,0,0
129020,,never,0,1
129154,,never,0,0
129215,2022,post,13,1
129242,,never,0,0
129428,,never,0,0
129491,,never,0,0
129525,2018,pre_covid,9,1
129534,,never,0,1
129774,,never,0,0
129941,2019,pre_covid,10,1
130110,,never,0,0
130183,,never,0,1
130226,2018,pre_covid,9,1
130253,,never,0,1
130314,2016,pre_covid,7,1
130493,,never,0,1
130590,2017,pre_covid,8,1
130624,2017,pre_covid,8,1
130697,2021,covid,12,1
130776,2022,post,13,1
130794,2020,covid,11,1
130882,,never,0,0
130907,,never,0,0
130934,2022,post,13,1
130943,2022,post,13,1
130989,,never,0,1
131098,,never,0,1
131113,,never,0,0
131159,2016,pre_covid,7,1
131283,,never,0,1
131399,,never,0,0
131405,,never,0,0
131450,,never,0,1
131469,2016,pre_covid,7,1
131496,,never,0,1
131520,2021,covid,12,1
131803,,never,0,0
131876,2022,post,13,1
131973,,never,0,0
132408,,never,0,1
132471,,never,0,1
132602,2022,post,9,1
132657,2016,pre_covid,4,1
132693,,never,0,0
132709,,never,0,0
132842,,never,0,0
132851,,never,0,0
132879,2022,post,13,1
132903,,never,0,1
133021,,never,0,0
133386,,never,0,0
133465,,never,0,1
133492,2022,post,13,1
133508,,never,0,0
133526,,never,0,1
133553,2017,pre_covid,8,1
133650,,never,0,1
133669,,never,0,1
133702,,never,0,0
133711,2018,pre_covid,9,1
133809,,never,0,1
133872,,never,0,1
133881,,never,0,1
133951,,never,0,1
133960,,never,0,0
133979,2022,post,13,1
134079,2020,covid,11,1
134097,,never,0,1
134130,,never,0,1
134237,,never,0,0
134343,,never,0,0
134510,,never,0,0
134608,,never,0,0
134811,,never,0,1
134945,2017,pre_covid,8,1
135081,,never,0,1
135160,,never,0,0
135188,,never,0,0
135364,,never,0,0
135391,,never,0,0
135610,,never,0,0
135717,,never,0,0
135726,2021,covid,12,1
136145,,never,0,0
136172,,never,0,1
136215,2020,covid,11,1
136233,,never,0,0
136330,2020,covid,11,1
136358,,never,0,0
136400,,never,0,0
136473,,never,0,0
136516,,never,0,0
136701,,never,0,0
136774,,never,0,1
136950,2022,post,13,1
137032,2016,pre_covid,7,1
137078,,never,0,0
137096,,never,0,0
137209,,never,0,0
137272,,never,0,1
137281,,never,0,0
137315,,never,0,0
137351,,never,0,1
137476,2020,covid,11,1
137546,2021,covid,12,1
137564,2017,pre_covid,4,1
137759,,never,0,0
137777,,never,0,0
137847,2020,covid,11,1
137953,2022,post,13,1
137962,,never,0,1
138187,,never,0,0
138275,2016,pre_covid,7,1
138293,2022,post,13,1
138309,,never,0,1
138354,,never,0,1
138558,2022,post,13,1
138600,2022,post,13,1
138716,2019,pre_covid,9,1
138761,2020,covid,11,1
138813,,never,0,1
138868,2016,pre_covid,7,1
138901,,never,0,1
138929,,never,0,0
138947,2021,covid,12,1
139144,2021,covid,12,1
139153,,never,0,0
139199,2017,pre_covid,8,1
139205,2017,pre_covid,5,1
139250,2021,covid,10,1
139311,2022,post,13,1
139348,,never,0,0
139366,2020,covid,11,1
139393,2021,covid,12,1
139463,,never,0,1
139579,,never,0,1
139621,,never,0,0
139630,2021,covid,12,1
139658,2021,covid,12,1
139700,,never,0,1
139719,,never,0,1
139755,,never,0,1
139764,,never,0,1
139861,,never,0,1
139931,2020,covid,11,1
139940,2020,covid,11,1
139959,2021,covid,12,1
139968,2022,post,13,1
140146,,never,0,0
140234,,never,0,1
140252,2020,covid,11,1
140340,,never,0,1
140447,2020,covid,11,1
140553,2020,covid,11,1
140562,,never,0,0
140696,2020,covid,11,1
140720,,never,0,1
140818,2022,post,13,1
140872,2022,post,13,1
140951,2022,post,13,1
140960,,never,0,1
140988,2021,covid,12,1
141060,,never,0,1
141167,2021,covid,9,1
141185,2020,covid,11,1
141237,2021,covid,12,1
141264,,never,0,1
141325,2020,covid,10,1
141334,,never,0,1
141361,2019,pre_covid,10,1
141486,2020,covid,11,1
141565,2020,covid,11,1
141574,2020,covid,11,1
141644,2020,covid,11,1
141839,,never,0,0
141963,,never,0,0
141981,2017,pre_covid,8,1
142090,2021,covid,12,1
142115,,never,0,1
142276,,never,0,0
142285,2021,covid,12,1
142294,2020,covid,11,1
142328,2022,post,13,1
142461,2021,covid,9,1
142522,2022,post,13,1
142559,,never,0,0
142832,,never,0,0
142887,,never,0,0
142957,2021,covid,5,1
143048,,never,0,1
143084,2022,post,13,1
143118,2021,covid,12,1
143233,,never,0,0
143288,2021,covid,12,1
143297,,never,0,0
143358,2020,covid,11,1
143659,,never,0,0
143853,,never,0,0
143978,,never,0,0
144005,2022,post,13,1
144014,,never,0,0
144050,2018,pre_covid,9,1
144281,,never,0,1
144351,2020,covid,11,1
144740,2022,post,13,1
144777,,never,0,0
144883,,never,0,0
144892,2021,covid,12,1
144962,2021,covid,12,1
144971,2020,covid,11,1
145275,,never,0,0
145336,2021,covid,7,1
145372,2020,covid,11,1
145497,2018,pre_covid,9,1
145558,,never,0,0
145600,2021,covid,12,1
145619,2021,covid,10,1
145628,,never,0,0
145637,2021,covid,12,1
145646,2022,post,13,1
145691,2021,covid,12,1
145725,2021,covid,12,1
145813,2020,covid,11,1
145886,,never,0,0
146339,2020,covid,11,1
146427,2019,pre_covid,10,1
146481,2021,covid,12,1
146490,,never,0,0
146533,,never,0,0
146612,2020,covid,11,1
146667,,never,0,1
146676,2017,pre_covid,8,1
146719,2021,covid,12,1
146728,,never,0,0
146755,,never,0,1
146977,,never,0,0
147013,,never,0,1
147031,,never,0,0
147129,2022,post,12,1
147244,2020,covid,11,1
147341,2019,pre_covid,10,1
147369,2019,pre_covid,10,1
147536,,never,0,1
147590,,never,0,0
147660,2021,covid,12,1
147679,2020,covid,11,1
147697,,never,0,0
147703,,never,0,1
147767,2021,covid,12,1
147776,2020,covid,11,1
147828,2020,covid,11,1
148016,2021,covid,12,1
148131,2021,covid,12,1
148405,2021,covid,12,1
148487,2021,covid,12,1
148496,2021,covid,12,1
148511,,never,0,0
148575,,never,0,0
148584,2020,covid,11,1
148593,,never,0,0
148627,2021,covid,12,1
148654,2020,covid,11,1
148876,,never,0,0
148885,,never,0,0
148982,,never,0,0
149028,,never,0,0
149222,2020,covid,11,1
149231,2021,covid,12,1
149240,,never,0,0
149329,,never,0,0
149505,2021,covid,12,1
149514,2020,covid,11,1
149587,,never,0,0
149639,2020,covid,11,1
149763,,never,0,0
149772,,never,0,1
149781,2020,covid,11,1
150066,2020,covid,11,1
150136,2021,covid,12,1
150145,2022,post,12,1
150163,2020,covid,11,1
150172,,never,0,1
150215,,never,0,0
150288,,never,0,0
150400,2019,pre_covid,10,1
150455,2017,pre_covid,8,1
150534,2017,pre_covid,8,1
150604,2020,covid,11,1
150668,2020,covid,11,1
150677,2020,covid,11,1
150756,2017,pre_covid,8,1
150774,2021,covid,12,1
150941,2020,covid,11,1
151102,2021,covid,12,1
151111,2020,covid,11,1
151263,2020,covid,11,1
151290,,never,0,1
151306,2021,covid,12,1
151324,,never,0,1
151333,2021,covid,12,1
151342,2020,covid,11,1
151351,2020,covid,11,1
151360,2020,covid,11,1
151379,2020,covid,11,1
151388,2020,covid,11,1
151777,2016,pre_covid,7,1
151786,,never,0,1
151801,2021,covid,12,1
151810,,never,0,0
151865,,never,0,0
151962,,never,0,0
152080,2020,covid,11,1
152099,,never,0,1
152318,2021,covid,12,1
152336,2020,covid,11,1
152381,2019,pre_covid,10,1
152390,2019,pre_covid,10,1
152451,,never,0,0
152530,2022,post,13,1
152567,2020,covid,11,1
152600,2020,covid,11,1
152637,,never,0,0
152673,2020,covid,11,1
152798,,never,0,1
152992,,never,0,1
153001,2021,covid,12,1
153108,2020,covid,11,1
153126,2020,covid,11,1
153144,,never,0,1
153162,2016,pre_covid,7,1
153241,2022,post,13,1
153250,2020,covid,11,1
153269,2020,covid,11,1
153278,2020,covid,11,1
153302,2021,covid,7,1
153320,2017,pre_covid,8,1
153366,2020,covid,11,1
153375,2021,covid,12,1
153384,2022,post,13,1
153427,,never,0,0
153603,2021,covid,12,1
153621,2021,covid,12,1
153658,2022,post,13,1
153825,,never,0,1
153834,2020,covid,11,1
153861,,never,0,0
153977,2016,pre_covid,7,1
154004,,never,0,1
154013,2022,post,13,1
154022,,never,0,1
154095,2021,covid,12,1
154101,2021,covid,12,1
154156,,never,0,0
154174,,never,0,0
154235,2020,covid,11,1
154262,2022,post,13,1
154350,2020,covid,11,1
154493,,never,0,1
154518,2021,covid,12,1
154527,2020,covid,11,1
154536,,never,0,0
154590,2016,pre_covid,7,1
154688,2020,covid,11,1
154712,2021,covid,12,1
154721,2021,covid,12,1
154749,2018,pre_covid,9,1
154855,,never,0,1
155007,,never,0,0
155025,2022,post,13,1
155061,2022,post,13,1
155070,,never,0,1
155089,2021,covid,12,1
155140,,never,0,1
155177,,never,0,0
155283,,never,0,0
155308,,never,0,0
155317,2020,covid,11,1
155335,2020,covid,11,1
155399,2022,post,13,1
155414,,never,0,1
155496,2021,covid,8,1
155511,2022,post,13,1
155520,2016,pre_covid,7,1
155627,2021,covid,12,1
155636,,never,0,0
155681,2019,pre_covid,10,1
155812,2020,covid,11,1
155900,2021,covid,12,1
155937,2017,pre_covid,8,1
155973,2022,post,13,1
156082,,never,0,1
156125,2021,covid,12,1
156189,2021,covid,12,1
156213,2019,pre_covid,10,1
156222,,never,0,0
156286,2020,covid,11,1
156295,2021,covid,12,1
156356,2016,pre_covid,7,1
156365,,never,0,1
156408,2020,covid,11,1
156417,,never,0,0
156471,,never,0,0
156541,2020,covid,11,1
156620,2022,post,13,1
156727,,never,0,0
156745,,never,0,1
157021,,never,0,0
157030,,never,0,1
157058,2022,post,13,1
157076,2021,covid,12,1
157085,2021,covid,12,1
157100,2022,post,13,1
157207,,never,0,0
157216,,never,0,0
157289,2020,covid,11,1
157298,,never,0,0
157377,2020,covid,11,1
157386,2022,post,13,1
157401,2020,covid,11,1
157447,2021,covid,12,1
157535,,never,0,1
157748,,never,0,1
157757,2019,pre_covid,10,1
157793,,never,0,0
157809,2022,post,13,1
157818,2018,pre_covid,9,1
157863,2021,covid,12,1
157951,2022,post,13,1
158477,2020,covid,11,1
158802,2021,covid,12,1
159009,2016,pre_covid,7,1
159373,,never,0,0
159382,,never,0,1
159391,2021,covid,12,1
159416,2021,covid,12,1
159568,2022,post,13,1
159647,,never,0,1
159656,,never,0,1
159717,,never,0,1
159939,2021,covid,12,1
159948,,never,0,0
159966,,never,0,1
159993,,never,0,1
160038,2022,post,13,1
160065,2016,pre_covid,6,1
160074,2022,post,13,1
160409,,never,0,0
160533,,never,0,0
160612,2022,post,13,1
160621,,never,0,1
160630,2022,post,12,1
160658,2022,post,13,1
160755,2021,covid,12,1
160904,2021,covid,12,1
160959,,never,0,0
160977,,never,0,0
160995,,never,0,0
161004,,never,0,0
161022,2020,covid,11,1
161086,2018,pre_covid,9,1
161217,,never,0,0
161226,2022,post,13,1
161235,2019,pre_covid,8,1
161244,,never,0,1
161253,2021,covid,12,1
161280,,never,0,0
161299,2022,post,13,1
161341,2022,post,7,1
161457,2018,pre_covid,9,1
161509,2018,pre_covid,9,1
161518,2018,pre_covid,9,1
161554,,never,0,1
161563,,never,0,1
161572,2022,post,13,1
161873,2021,covid,12,1
162007,2017,pre_covid,8,1
162061,2022,post,13,1
162210,2022,post,10,1
162283,,never,0,1
162584,2022,post,13,1
162654,2019,pre_covid,10,1
162760,,never,0,1
162928,2022,post,13,1
163046,,never,0,0
163204,,never,0,0
163259,,never,0,0
163268,2021,covid,12,1
163286,2021,covid,12,1
163295,2022,post,13,1
163338,2022,post,13,1
163453,2021,covid,12,1
163462,2019,pre_covid,10,1
163532,,never,0,1
163578,2017,pre_covid,8,1
163851,2022,post,13,1
163912,2020,covid,11,1
163976,2016,pre_covid,7,1
164076,2020,covid,11,1
164085,,never,0,0
164146,,never,0,0
164155,,never,0,1
164173,,never,0,1
164216,2022,post,13,1
164270,2018,pre_covid,9,1
164368,,never,0,0
164447,2016,pre_covid,7,1
164465,2020,covid,11,1
164492,,never,0,1
164562,,never,0,0
164580,2020,covid,11,1
164614,2022,post,13,1
164632,2016,pre_covid,7,1
164641,2021,covid,11,1
164720,2019,pre_covid,10,1
164739,2021,covid,12,1
164748,,never,0,0
164872,,never,0,0
164915,,never,0,0
164924,2020,covid,11,1
164988,2021,covid,12,1
165015,2020,covid,11,1
165024,2018,pre_covid,9,1
165167,,never,0,0
165264,,never,0,1
165334,2020,covid,11,1
165495,,never,0,0
165529,2021,covid,12,1
165574,2017,pre_covid,8,1
165644,2020,covid,11,1
165662,2017,pre_covid,8,1
165671,2016,pre_covid,7,1
165699,2022,post,13,1
165802,2020,covid,11,1
165820,2018,pre_covid,9,1
165866,2019,pre_covid,10,1
165884,,never,0,0
165936,2021,covid,12,1
165945,,never,0,0
166018,,never,0,1
166027,2021,covid,12,1
166045,,never,0,0
166054,2018,pre_covid,1,1
166124,,never,0,0
166391,2018,pre_covid,9,1
166452,,never,0,1
166489,,never,0,1
166513,2021,covid,12,1
166629,2020,covid,11,1
166638,2017,pre_covid,8,1
166656,2021,covid,12,1
166665,,never,0,0
166674,,never,0,1
166683,,never,0,1
166692,2022,post,13,1
166708,,never,0,0
166717,,never,0,0
166850,,never,0,0
166869,,never,0,0
166911,,never,0,0
166939,,never,0,0
167057,,never,0,0
167093,,never,0,0
167215,,never,0,0
167260,2021,covid,11,1
167288,2020,covid,11,1
167358,2022,post,13,1
167394,2020,covid,11,1
167455,,never,0,1
167464,,never,0,0
167598,,never,0,1
167677,,never,0,1
167729,2016,pre_covid,7,1
167783,2021,covid,12,1
167792,,never,0,0
167835,,never,0,0
167899,2020,covid,11,1
167987,2021,covid,12,1
167996,,never,0,1
168005,2020,covid,11,1
168148,2021,covid,12,1
168218,2020,covid,11,1
168227,2019,pre_covid,10,1
168254,2016,pre_covid,7,1
168263,2020,covid,11,1
168281,2017,pre_covid,8,1
168342,2022,post,13,1
168421,,never,0,0
168430,2020,covid,11,1
168528,2021,covid,12,1
168546,2020,covid,11,1
168591,,never,0,1
168607,,never,0,0
168740,2021,covid,12,1
168786,2020,covid,11,1
168847,2022,post,4,1
169080,2021,covid,12,1
169099,,never,0,0
169220,,never,0,0
169248,2020,covid,11,1
169327,2019,pre_covid,7,1
169363,2020,covid,11,1
169424,,never,0,0
169442,,never,0,1
169479,2022,post,13,1
169716,2021,covid,12,1
169798,2021,covid,12,1
169910,2018,pre_covid,9,1
169983,2021,covid,12,1
170000,,never,0,1
170037,2021,covid,12,1
170082,2022,post,13,1
170091,,never,0,0
170240,,never,0,0
170286,2020,covid,5,1
170301,2021,covid,12,1
170444,,never,0,0
170532,2017,pre_covid,8,1
170639,,never,0,1
170675,,never,0,1
170806,2016,pre_covid,7,1
170967,2022,post,13,1
170976,2020,covid,11,1
171100,2021,covid,12,1
171128,2020,covid,11,1
171137,2021,covid,12,1
171146,2021,covid,12,1
171456,,never,0,1
171483,,never,0,0
171492,2022,post,13,1
171571,2020,covid,11,1
171599,2016,pre_covid,7,1
171881,2020,covid,11,1
172033,2022,post,13,1
172051,2020,covid,11,1
172200,,never,0,0
172264,2016,pre_covid,7,1
172334,2022,post,13,1
172440,,never,0,1
172477,,never,0,0
172608,,never,0,0
172644,2022,post,13,1
172699,2021,covid,12,1
172705,,never,0,0
172866,,never,0,0
173045,2019,pre_covid,10,1
173124,2022,post,13,1
173142,2022,post,13,1
173160,2021,covid,12,1
173258,2020,covid,11,1
173300,2020,covid,11,1
173328,2022,post,11,1
173452,2021,covid,12,1
173647,2021,covid,12,1
173665,2021,covid,12,1
173683,,never,0,0
173896,,never,0,0
173902,2021,covid,12,1
173920,2020,covid,11,1
173957,,never,0,0
174020,2022,post,13,1
174066,2021,covid,12,1
174075,,never,0,1
174127,2022,post,13,1
174154,,never,0,1
174233,2021,covid,12,1
174251,,never,0,1
174358,2020,covid,11,1
174437,2020,covid,11,1
174491,2022,post,13,1
174507,,never,0,0
174525,2020,covid,11,1
174747,2020,covid,11,1
174783,2021,covid,12,1
174792,2020,covid,11,1
174817,2022,post,13,1
174844,2020,covid,11,1
174862,,never,0,1
174899,2019,pre_covid,10,1
174914,2021,covid,12,1
175005,2020,covid,11,1
175014,,never,0,1
175078,2022,post,13,1
175139,,never,0,0
175227,2022,post,13,1
175272,2020,covid,11,1
175281,,never,0,0
175342,,never,0,1
175421,2020,covid,11,1
175430,,never,0,1
175616,,never,0,1
175856,2021,covid,12,1
175980,2021,covid,12,1
175999,,never,0,0
176017,2022,post,13,1
176035,,never,0,1
176044,2021,covid,12,1
176053,2021,covid,12,1
176080,2022,post,13,1
176318,2016,pre_covid,7,1
176336,,never,0,0
176372,,never,0,1
176406,2022,post,13,1
176451,,never,0,0
176479,,never,0,1
176600,,never,0,0
176628,2020,covid,11,1
176664,,never,0,0
176770,,never,0,1
176789,2021,covid,11,1
176910,,never,0,1
176947,2020,covid,11,1
176965,2022,post,13,1
177038,,never,0,1
177065,,never,0,1
177083,,never,0,1
177092,,never,0,0
177117,2020,covid,11,1
177126,,never,0,0
177144,2021,covid,12,1
177214,2020,covid,11,1
177278,,never,0,0
177339,,never,0,1
177418,2021,covid,12,1
177542,,never,0,1
177551,,never,0,0
177719,,never,0,0
177746,,never,0,1
177816,,never,0,1
177834,,never,0,0
177940,,never,0,0
177968,2019,pre_covid,10,1
177986,,never,0,0
178059,2018,pre_covid,9,1
178208,2019,pre_covid,10,1
178244,2021,covid,12,1
178341,2022,post,13,1
178369,,never,0,1
178387,,never,0,0
178396,2021,covid,12,1
178402,2020,covid,11,1
178411,2018,pre_covid,9,1
178420,2020,covid,11,1
178439,,never,0,0
178518,,never,0,0
178615,2021,covid,12,1
178624,2020,covid,11,1
178679,,never,0,1
178697,,never,0,1
178721,,never,0,1
178767,,never,0,0
178891,,never,0,0
178989,,never,0,1
179043,2020,covid,11,1
179159,2021,covid,12,1
179256,2020,covid,11,1
179265,2020,covid,11,1
179317,,never,0,0
179326,,never,0,1
179548,2020,covid,11,1
179557,2022,post,13,1
179566,2022,post,13,1
179812,,never,0,0
179867,2020,covid,11,1
179894,2020,covid,11,1
179946,2021,covid,12,1
179955,2020,covid,11,1
179964,2022,post,13,1
180106,2019,pre_covid,10,1
180179,,never,0,1
180203,,never,0,0
180258,2019,pre_covid,6,1
180416,2020,covid,11,1
180461,2021,covid,12,1
180489,2021,covid,12,1
180522,,never,0,1
180595,2021,covid,12,1
180647,,never,0,0
180692,,never,0,1
180717,2021,covid,1,1
180814,,never,0,0
180832,,never,0,1
180878,,never,0,1
180948,,never,0,0
180984,2020,covid,11,1
181002,2019,pre_covid,10,1
181020,,never,0,1
181127,2019,pre_covid,10,1
181145,,never,0,0
181215,2022,post,13,1
181297,,never,0,1
181330,2022,post,13,1
181394,,never,0,1
181428,,never,0,0
181446,2020,covid,11,1
181464,2020,covid,11,1
181534,,never,0,0
181543,,never,0,1
181604,2022,post,13,1
181738,2021,covid,12,1
181747,,never,0,0
181783,,never,0,0
181853,2020,covid,11,1
182005,,never,0,0
182148,,never,0,0
182281,2022,post,13,1
182290,,never,0,1
182306,,never,0,0
182458,2020,covid,9,1
182500,,never,0,0
182519,,never,0,0
182564,,never,0,0
182634,,never,0,0
182670,2021,covid,12,1
182795,2016,pre_covid,7,1
182829,,never,0,0
182917,2022,post,8,1
182980,,never,0,0
183026,,never,0,1
183044,2019,pre_covid,10,1
183062,2016,pre_covid,7,1
183071,2019,pre_covid,10,1
183080,,never,0,1
183211,,never,0,1
183239,2016,pre_covid,7,1
183257,,never,0,0
183275,2017,pre_covid,3,1
183327,,never,0,0
183789,,never,0,0
183804,,never,0,0
183822,2017,pre_covid,8,1
183910,2020,covid,11,1
183974,2020,covid,11,1
184348,2022,post,13,1
184603,2022,post,13,1
184612,2020,covid,11,1
184694,2022,post,13,1
184773,2020,covid,11,1
184782,2020,covid,11,1
184959,,never,0,0
185129,2021,covid,12,1
185262,2020,covid,11,1
185572,2020,covid,11,1
185590,2016,pre_covid,7,1
185758,,never,0,0
185828,2020,covid,11,1
186122,,never,0,0
186131,2021,covid,12,1
186186,,never,0,0
186201,2021,covid,12,1
186283,2018,pre_covid,9,1
186371,2020,covid,11,1
186380,2020,covid,11,1
186399,2020,covid,11,1
186432,2016,pre_covid,7,1
186584,2021,covid,12,1
186618,2019,pre_covid,10,1
186867,2016,pre_covid,7,1
186876,2019,pre_covid,10,1
186900,,never,0,0
187046,,never,0,0
187134,2020,covid,11,1
187444,2022,post,13,1
187596,,never,0,0
187648,2022,post,13,1
187745,2022,post,9,1
187897,,never,0,0
187967,2022,post,13,1
187985,2021,covid,12,1
188030,2021,covid,12,1
188058,,never,0,0
188182,2016,pre_covid,1,1
188207,,never,0,0
188304,,never,0,0
188340,,never,0,1
188429,2021,covid,12,1
188517,,never,0,0
188526,2021,covid,12,1
188535,,never,0,0
188580,,never,0,0
188641,2020,covid,11,1
188854,2022,post,13,1
188942,,never,0,0
189015,,never,0,0
189088,,never,0,0
189097,2021,covid,12,1
189228,,never,0,0
189273,,never,0,0
189282,,never,0,1
189413,,never,0,0
189501,,never,0,0
189565,,never,0,0
189583,,never,0,1
189592,,never,0,1
189705,2020,covid,11,1
189848,2016,pre_covid,7,1
189857,,never,0,0
189981,,never,0,0
190035,,never,0,0
190044,2021,covid,12,1
190080,,never,0,0
190099,2021,covid,12,1
190114,,never,0,1
190150,2021,covid,12,1
190248,2016,pre_covid,7,1
190372,2020,covid,9,1
190415,2020,covid,11,1
190424,,never,0,0
190503,2022,post,13,1
190512,,never,0,1
190549,,never,0,1
190558,,never,0,1
190567,,never,0,1
190576,,never,0,1
190594,,never,0,1
190600,,never,0,1
190637,,never,0,1
190646,,never,0,1
190655,,never,0,1
190664,,never,0,1
190682,,never,0,0
190691,,never,0,1
190716,2020,covid,11,1
190725,,never,0,1
190752,,never,0,0
190761,2017,pre_covid,8,1
190983,2019,pre_covid,10,1
191126,,never,0,1
191205,,never,0,1
191241,2021,covid,12,1
191320,,never,0,0
191515,2020,covid,11,1
191533,,never,0,0
191597,,never,0,0
191621,2021,covid,11,1
191630,,never,0,0
191649,2016,pre_covid,7,1
191676,2016,pre_covid,7,1
191931,2019,pre_covid,10,1
191968,2022,post,13,1
192004,,never,0,0
192040,2021,covid,12,1
192110,,never,0,0
192165,,never,0,0
192192,2016,pre_covid,7,1
192271,2017,pre_covid,8,1
192323,2016,pre_covid,7,1
192448,2021,covid,12,1
192624,,never,0,0
192703,2022,post,11,1
192712,,never,0,1
192749,2021,covid,12,1
192785,2022,post,13,1
192819,2021,covid,12,1
192864,2017,pre_covid,8,1
192925,2018,pre_covid,9,1
193016,2019,pre_covid,10,1
193052,,never,0,0
193061,,never,0,0
193070,,never,0,0
193247,,never,0,0
193292,2020,covid,11,1
193308,2022,post,13,1
193353,2020,covid,11,1
193399,2020,covid,11,1
193405,,never,0,0
193584,,never,0,0
193654,2016,pre_covid,7,1
193751,,never,0,0
193821,,never,0,0
193830,,never,0,0
193894,,never,0,0
193900,2019,pre_covid,10,1
193973,2018,pre_covid,9,1
194073,,never,0,0
194091,2021,covid,12,1
194116,2020,covid,10,1
194161,2021,covid,12,1
194189,,never,0,0
194310,2020,covid,11,1
194392,2022,post,13,1
194499,,never,0,0
194569,,never,0,1
194578,2020,covid,11,1
194657,,never,0,0
194666,,never,0,0
194693,,never,0,0
194718,,never,0,0
194736,,never,0,0
194763,,never,0,0
194824,2021,covid,12,1
194958,2020,covid,11,1
195003,2020,covid,11,1
195030,2017,pre_covid,8,1
195049,,never,0,0
195128,2022,post,13,1
195155,,never,0,0
195164,2021,covid,12,1
195173,,never,0,1
195216,,never,0,0
195234,2022,post,10,1
195243,2022,post,13,1
195304,,never,0,0
195438,,never,0,0
195474,2022,post,13,1
195526,2016,pre_covid,7,1
195544,2021,covid,12,1
195580,,never,0,0
195720,2021,covid,12,1
195809,2017,pre_covid,8,1
195827,,never,0,0
196006,2022,post,13,1
196015,2020,covid,11,1
196024,,never,0,1
196033,2020,covid,11,1
196042,2021,covid,12,1
196051,2022,post,13,1
196060,,never,0,1
196079,2020,covid,11,1
196088,2021,covid,12,1
196097,2021,covid,12,1
196103,,never,0,1
196112,2020,covid,11,1
196121,2020,covid,11,1
196130,2020,covid,11,1
196149,2016,pre_covid,7,1
196158,2020,covid,11,1
196167,2020,covid,11,1
196176,2022,post,13,1
196185,2022,post,13,1
196194,2020,covid,11,1
196200,2022,post,13,1
196219,2017,pre_covid,8,1
196228,,never,0,0
196237,2021,covid,12,1
196246,2021,covid,12,1
196255,,never,0,0
196264,,never,0,0
196291,2021,covid,12,1
196307,,never,0,0
196413,2021,covid,12,1
196431,,never,0,0
196440,,never,0,0
196468,,never,0,0
196583,,never,0,0
196592,2022,post,13,1
196653,2022,post,10,1
196680,,never,0,0
196866,2019,pre_covid,10,1
196884,,never,0,0
197018,,never,0,0
197027,,never,0,1
197036,,never,0,1
197045,2022,post,13,1
197133,2021,covid,12,1
197142,,never,0,0
197151,2021,covid,12,1
197197,2022,post,13,1
197221,2021,covid,10,1
197230,2018,pre_covid,9,1
197285,,never,0,1
197601,,never,0,0
197647,,never,0,0
197674,,never,0,0
197692,,never,0,0
197708,2022,post,13,1
197735,,never,0,0
197744,,never,0,0
197869,2021,covid,12,1
197911,2021,covid,12,1
197984,2017,pre_covid,8,1
197993,2022,post,13,1
198066,2022,post,13,1
198109,,never,0,1
198136,2021,covid,12,1
198215,2020,covid,11,1
198303,2020,covid,11,1
198385,2020,covid,11,1
198419,2022,post,13,1
198464,,never,0,1
198507,2021,covid,12,1
198516,2022,post,13,1
198543,2021,covid,12,1
198561,2020,covid,11,1
198598,2018,pre_covid,9,1
198613,2019,pre_covid,10,1
198677,,never,0,0
198695,2017,pre_covid,8,1
198756,,never,0,1
198808,2020,covid,11,1
198835,,never,0,1
198862,2022,post,13,1
198899,,never,0,1
198950,2020,covid,11,1
198969,2021,covid,12,1
198978,,never,0,0
199032,2020,covid,11,1
199069,2021,covid,12,1
199102,2021,covid,12,1
199111,2021,covid,12,1
199120,2021,covid,12,1
199139,2021,covid,12,1
199148,2021,covid,12,1
199157,2021,covid,12,1
199175,,never,0,0
199184,2021,covid,12,1
199193,2021,covid,12,1
199209,2020,covid,11,1
199218,2021,covid,12,1
199272,2020,covid,11,1
199281,2021,covid,12,1
199306,2017,pre_covid,8,1
199412,2020,covid,11,1
199458,2022,post,13,1
199582,2021,covid,12,1
199607,2019,pre_covid,10,1
199643,2022,post,13,1
199698,,never,0,1
199759,2022,post,9,1
199847,,never,0,0
199865,2016,pre_covid,7,1
199883,,never,0,0
199962,2022,post,13,1
199971,,never,0,0
199999,2021,covid,12,1
200004,2021,covid,12,1
200013,,never,0,1
200022,,never,0,0
200059,2021,covid,11,1
200086,,never,0,0
200156,2020,covid,11,1
200217,2017,pre_covid,8,1
200226,,never,0,1
200253,2022,post,13,1
200280,,never,0,1
200332,2021,covid,12,1
200466,,never,0,0
200484,,never,0,1
200527,,never,0,0
200554,,never,0,0
200572,2020,covid,11,1
200697,,never,0,0
200785,,never,0,1
200800,2022,post,10,1
200873,,never,0,0
201061,2019,pre_covid,10,1
201104,2021,covid,12,1
201140,,never,0,0
201177,,never,0,1
201195,,never,0,0
201371,2022,post,13,1
201432,,never,0,0
201441,2021,covid,12,1
201469,,never,0,0
201548,2021,covid,12,1
201645,2020,covid,11,1
201654,2020,covid,11,1
201690,2017,pre_covid,8,1
201821,2019,pre_covid,10,1
201867,,never,0,1
201885,2021,covid,12,1
201928,,never,0,0
201946,,never,0,0
201955,,never,0,0
201964,,never,0,1
201973,,never,0,0
202046,2017,pre_covid,8,1
202073,2022,post,13,1
202134,2022,post,13,1
202170,2019,pre_covid,10,1
202480,2020,covid,11,1
202514,2020,covid,11,1
202523,2016,pre_covid,7,1
202763,2020,covid,11,1
202806,,never,0,0
202903,2022,post,10,1
202912,2021,covid,12,1
203067,,never,0,0
203085,2020,covid,8,1
203128,2016,pre_covid,7,1
203368,2020,covid,11,1
203447,,never,0,0
203456,,never,0,0
203465,,never,0,0
203474,,never,0,0
203483,,never,0,0
203492,,never,0,0
203517,2021,covid,12,1
203526,,never,0,0
203535,2020,covid,11,1
203544,2020,covid,11,1
203580,2016,pre_covid,7,1
203748,,never,0,0
203757,2020,covid,9,1
203775,2021,covid,12,1
203845,2021,covid,12,1
203960,2019,pre_covid,10,1
203997,,never,0,0
204006,,never,0,0
204015,,never,0,0
204024,2021,covid,12,1
204176,,never,0,1
204185,2021,covid,12,1
204194,2020,covid,11,1
204200,2021,covid,12,1
204255,,never,0,0
204264,2022,post,13,1
204422,,never,0,0
204468,2018,pre_covid,9,1
204477,,never,0,0
204486,,never,0,0
204501,2021,covid,12,1
204617,2017,pre_covid,8,1
204635,2020,covid,11,1
204671,,never,0,0
204680,,never,0,0
204699,,never,0,0
204705,,never,0,0
204796,2020,covid,11,1
204802,,never,0,0
204820,,never,0,0
204839,,never,0,0
204848,,never,0,0
204857,2020,covid,11,1
204866,,never,0,0
204909,2021,covid,12,1
204936,2021,covid,12,1
204990,,never,0,0
205027,2022,post,11,1
205124,,never,0,0
205203,,never,0,0
205391,,never,0,1
205443,,never,0,1
205470,,never,0,0
205957,2021,covid,12,1
206048,2022,post,13,1
206084,2020,covid,7,1
206154,,never,0,0
206279,,never,0,0
206288,,never,0,0
206349,2020,covid,11,1
206394,2022,post,13,1
206437,2016,pre_covid,7,1
206491,2017,pre_covid,8,1
206507,2022,post,13,1
206516,,never,0,0
206525,,never,0,0
206589,2020,covid,11,1
206604,2021,covid,6,1
206613,2021,covid,6,1
206622,2019,pre_covid,10,1
206695,2020,covid,6,1
206817,,never,0,1
206835,2021,covid,11,1
206862,,never,0,0
206914,,never,0,0
206941,,never,0,1
207041,2021,covid,12,1
207157,2021,covid,12,1
207209,,never,0,0
207254,,never,0,1
207263,2021,covid,12,1
207306,,never,0,1
207315,,never,0,0
207324,2022,post,13,1
207342,,never,0,0
207351,,never,0,1
207388,2021,covid,12,1
207397,,never,0,0
207403,2022,post,13,1
207458,2021,covid,12,1
207500,2020,covid,11,1
207564,,never,0,0
207582,2020,covid,11,1
207661,,never,0,1
207722,2017,pre_covid,8,1
207847,,never,0,1
207856,,never,0,1
207865,2022,post,13,1
207971,2021,covid,12,1
208512,,never,0,0
208646,,never,0,1
208725,2022,post,13,1
208822,2020,covid,11,1
209056,2016,pre_covid,7,1
209065,2018,pre_covid,9,1
209241,,never,0,1
209287,2022,post,13,1
209296,,never,0,0
209409,2020,covid,11,1
209490,,never,0,0
209506,2020,covid,11,1
209542,2021,covid,12,1
209551,2020,covid,11,1
209603,,never,0,0
209612,2020,covid,11,1
209807,2016,pre_covid,7,1
209825,2020,covid,11,1
209922,2022,post,13,1
210146,,never,0,1
210304,2022,post,13,1
210331,2020,covid,11,1
210368,,never,0,0
210401,2022,post,13,1
210429,2019,pre_covid,10,1
210438,,never,0,0
210492,2020,covid,11,1
210508,,never,0,0
210571,2022,post,13,1
210669,2017,pre_covid,8,1
210739,2020,covid,11,1
210775,2022,post,13,1
210809,,never,0,0
211024,,never,0,1
211088,2020,covid,11,1
211130,,never,0,0
211158,,never,0,1
211273,2022,post,13,1
211291,2019,pre_covid,10,1
211352,2016,pre_covid,7,1
211361,2020,covid,11,1
211431,2021,covid,12,1
211440,2020,covid,11,1
211468,2022,post,13,1
211477,2021,covid,10,1
211556,,never,0,0
211583,2021,covid,12,1
211608,,never,0,0
211644,,never,0,1
211893,2022,post,10,1
211981,2020,covid,11,1
212009,2022,post,13,1
212054,2021,covid,12,1
212106,2021,covid,12,1
212115,2016,pre_covid,7,1
212133,2017,pre_covid,8,1
212160,2021,covid,12,1
212197,2020,covid,11,1
212443,,never,0,0
212577,,never,0,0
212601,2021,covid,12,1
212656,,never,0,1
212674,2020,covid,11,1
212771,,never,0,0
212805,2020,covid,11,1
212832,2020,covid,11,1
212911,2020,covid,11,1
212984,2021,covid,12,1
212993,,never,0,0
213011,2017,pre_covid,8,1
213020,2021,covid,12,1
213251,2022,post,13,1
213303,2016,pre_covid,7,1
213321,2022,post,13,1
213349,2022,post,13,1
213358,2019,pre_covid,10,1
213367,2022,post,13,1
213376,,never,0,0
213385,2021,covid,12,1
213400,2020,covid,11,1
213446,,never,0,0
213507,,never,0,0
213543,2020,covid,11,1
213598,2022,post,13,1
213613,,never,0,1
213631,,never,0,0
213668,2020,covid,11,1
213774,2016,pre_covid,7,1
213783,2020,covid,11,1
213826,2021,covid,12,1
213987,,never,0,1
213996,2020,covid,11,1
214041,2020,covid,11,1
214069,,never,0,1
214148,2017,pre_covid,8,1
214157,2022,post,13,1
214166,2022,post,13,1
214175,2016,pre_covid,7,1
214272,2020,covid,11,1
214564,,never,0,0
214582,,never,0,0
214661,,never,0,0
214883,,never,0,0
214971,,never,0,0
215053,,never,0,1
215062,2021,covid,12,1
215105,2016,pre_covid,7,1
215114,2022,post,13,1
215123,,never,0,0
215132,2021,covid,12,1
215266,2020,covid,11,1
215275,2020,covid,11,1
215284,2020,covid,11,1
215293,2020,covid,11,1
215415,,never,0,0
215424,,never,0,0
215442,2020,covid,11,1
215619,,never,0,0
215637,2022,post,8,1
215655,2020,covid,11,1
215691,2018,pre_covid,9,1
215743,2022,post,13,1
215770,2016,pre_covid,7,1
215798,2020,covid,11,1
215813,,never,0,0
215929,2022,post,13,1
215947,2022,post,13,1
216010,2021,covid,12,1
216038,,never,0,1
216047,,never,0,1
216278,2022,post,13,1
216287,2021,covid,12,1
216311,,never,0,1
216339,,never,0,1
216348,,never,0,0
216357,2020,covid,11,1
216366,2020,covid,2,1
216463,,never,0,0
216524,2017,pre_covid,8,1
216542,,never,0,1
216597,2021,covid,12,1
216667,2021,covid,12,1
216694,2022,post,13,1
216764,2021,covid,12,1
216807,2019,pre_covid,10,1
216816,,never,0,0
216852,2020,covid,11,1
216931,2021,covid,12,1
217013,2019,pre_covid,10,1
217040,,never,0,0
217059,2021,covid,12,1
217156,2020,covid,11,1
217165,2019,pre_covid,10,1
217235,2022,post,13,1
217305,,never,0,0
217402,,never,0,0
217420,2022,post,13,1
217484,2020,covid,11,1
217493,2020,covid,11,1
217518,2022,post,13,1
217536,2022,post,13,1
217606,,never,0,0
217624,,never,0,1
217633,2022,post,13,1
217688,2021,covid,12,1
217721,2022,post,3,1
217749,,never,0,1
217776,2020,covid,11,1
217819,2020,covid,11,1
217864,2020,covid,11,1
217873,,never,0,1
217882,2021,covid,12,1
217891,,never,0,0
217907,2021,covid,12,1
217925,,never,0,1
217934,2017,pre_covid,8,1
217961,2019,pre_covid,10,1
217998,2021,covid,12,1
218061,2020,covid,11,1
218070,2017,pre_covid,8,1
218113,,never,0,0
218229,2021,covid,12,1
218238,2020,covid,11,1
218335,,never,0,0
218399,,never,0,0
218414,2020,covid,11,1
218441,2021,covid,12,1
218539,2016,pre_covid,7,1
218645,2021,covid,12,1
218654,,never,0,1
218663,2021,covid,12,1
218724,2020,covid,11,1
218733,,never,0,1
218742,2021,covid,12,1
218751,,never,0,0
218821,,never,0,1
218919,,never,0,1
218964,2021,covid,12,1
218973,2017,pre_covid,8,1
219000,2019,pre_covid,10,1
219046,2020,covid,11,1
219082,2020,covid,11,1
219091,2020,covid,11,1
219198,2022,post,13,1
219204,,never,0,0
219240,,never,0,0
219259,2020,covid,11,1
219277,,never,0,0
219295,2020,covid,11,1
219347,2021,covid,12,1
219356,2020,covid,11,1
219374,,never,0,0
219383,,never,0,1
219471,2016,pre_covid,7,1
219505,,never,0,0
219602,,never,0,1
219639,,never,0,1
219709,2021,covid,12,1
219718,2018,pre_covid,9,1
219790,,never,0,1
219806,2022,post,13,1
219833,2020,covid,11,1
219842,,never,0,0
219949,,never,0,1
219976,2021,covid,12,1
220002,,never,0,0
220075,2020,covid,11,1
220181,2022,post,13,1
220206,,never,0,0
220215,2021,covid,12,1
220473,,never,0,1
220516,2017,pre_covid,8,1
220552,,never,0,1
220598,2017,pre_covid,8,1
220604,,never,0,1
220613,2022,post,13,1
220631,2022,post,13,1
220701,,never,0,1
220710,2020,covid,11,1
220792,,never,0,0
220862,2020,covid,11,1
220871,,never,0,0
220978,2021,covid,12,1
220996,,never,0,0
221351,2020,covid,11,1
221519,2019,pre_covid,10,1
221661,2020,covid,5,1
221670,,never,0,0
221731,2021,covid,12,1
221740,2021,covid,12,1
221759,2021,covid,12,1
221768,2021,covid,12,1
221838,,never,0,1
221847,2022,post,13,1
221892,2022,post,13,1
221953,2020,covid,11,1
221971,2022,post,13,1
221999,2021,covid,12,1
222178,2020,covid,11,1
222628,,never,0,0
222831,2020,covid,11,1
222877,,never,0,0
222938,,never,0,0
222983,2018,pre_covid,9,1
222992,,never,0,0
223001,,never,0,0
223083,,never,0,0
223117,,never,0,0
223223,,never,0,0
223232,2021,covid,12,1
223463,,never,0,0
223506,,never,0,0
224004,2020,covid,11,1
224147,2022,post,12,1
224226,2021,covid,12,1
224244,2022,post,13,1
224305,,never,0,0
224323,2020,covid,11,1
224350,,never,0,0
224527,,never,0,1
224545,2021,covid,11,1
224554,2020,covid,11,1
224615,,never,0,0
224660,,never,0,0
224679,,never,0,0
224712,,never,0,0
224776,,never,0,1
224961,,never,0,0
225070,,never,0,0
225201,2017,pre_covid,2,1
225247,2021,covid,12,1
225308,,never,0,0
225399,2020,covid,11,1
225414,2020,covid,6,1
225432,2022,post,9,1
225502,2019,pre_covid,9,1
225511,2020,covid,11,1
225548,2022,post,13,1
225575,2020,covid,11,1
225627,2020,covid,11,1
225885,,never,0,0
226091,2020,covid,11,1
226134,,never,0,0
226152,,never,0,1
226231,2020,covid,11,1
226383,2021,covid,12,1
226408,,never,0,0
226471,2021,covid,12,1
226587,2020,covid,11,1
226806,,never,0,0
226833,,never,0,1
226879,,never,0,0
227182,,never,0,0
227216,2020,covid,11,1
227289,,never,0,0
227304,,never,0,0
227331,2020,covid,11,1
227368,2022,post,13,1
227429,,never,0,1
227526,,never,0,1
227757,2020,covid,11,1
227845,2022,post,13,1
227863,2021,covid,12,1
227881,2021,covid,12,1
227979,,never,0,0
228042,2020,covid,11,1
228149,2020,covid,11,1
228194,,never,0,0
228246,2021,covid,12,1
228325,,never,0,1
228343,2019,pre_covid,10,1
228431,,never,0,1
228459,2021,covid,12,1
228468,2021,covid,10,1
228486,,never,0,0
228501,2016,pre_covid,4,1
228529,2021,covid,12,1
228635,,never,0,0
228644,,never,0,0
228653,,never,0,0
228705,2020,covid,11,1
228723,,never,0,1
228732,,never,0,0
228769,2020,covid,11,1
228778,2021,covid,12,1
228787,2022,post,13,1
228796,2018,pre_covid,9,1
228802,2021,covid,12,1
228866,,never,0,0
228875,2020,covid,11,1
228884,,never,0,0
228909,,never,0,0
228981,2022,post,13,1
229018,2021,covid,12,1
229027,2021,covid,12,1
229063,2021,covid,12,1
229090,,never,0,0
229115,2020,covid,11,1
229160,2020,covid,11,1
229179,2020,covid,11,1
229267,2021,covid,12,1
229300,,never,0,0
229337,,never,0,0
229355,,never,0,0
229407,,never,0,0
229780,2020,covid,11,1
229799,,never,0,0
229814,2021,covid,12,1
229887,,never,0,0
230038,2020,covid,11,1
230047,,never,0,1
230056,,never,0,0
230171,,never,0,0
230366,,never,0,0
230418,,never,0,0
230597,,never,0,0
230603,2021,covid,12,1
230621,,never,0,0
230728,2021,covid,12,1
230737,,never,0,0
230764,2021,covid,12,1
230782,,never,0,0
230807,2020,covid,11,1
230816,,never,0,0
230834,2021,covid,12,1
230852,2018,pre_covid,9,1
230889,,never,0,0
230913,2017,pre_covid,8,1
230959,2021,covid,12,1
230977,,never,0,0
230995,2022,post,13,1
231059,2022,post,13,1
231068,,never,0,0
231095,,never,0,0
231147,,never,0,0
231156,,never,0,0
231165,,never,0,1
231174,2020,covid,11,1
231420,2021,covid,12,1
231554,,never,0,1
231581,2020,covid,11,1
231624,2020,covid,11,1
231651,2022,post,13,1
231712,2016,pre_covid,7,1
231785,,never,0,0
231970,,never,0,0
232016,,never,0,0
232025,2020,covid,11,1
232043,2020,covid,11,1
232089,2020,covid,11,1
232186,2020,covid,11,1
232256,2020,covid,11,1
232265,2022,post,12,1
232308,2022,post,13,1
232423,2017,pre_covid,8,1
232557,,never,0,1
232566,2021,covid,12,1
232609,2022,post,12,1
232618,,never,0,1
232672,2020,covid,11,1
232681,2020,covid,11,1
232706,2020,covid,11,1
232797,,never,0,0
232885,,never,0,0
232937,2022,post,13,1
232982,,never,0,1
233277,2021,covid,12,1
233295,2022,post,13,1
233301,2019,pre_covid,10,1
233356,,never,0,1
233374,2022,post,13,1
233408,,never,0,0
233426,2020,covid,11,1
233541,,never,0,1
233602,,never,0,0
233611,2022,post,12,1
233684,,never,0,0
233718,2020,covid,11,1
233842,,never,0,0
233897,2021,covid,12,1
233921,2021,covid,12,1
234030,2021,covid,12,1
234076,2021,covid,12,1
234085,2021,covid,12,1
234137,,never,0,0
234155,2021,covid,12,1
234164,2017,pre_covid,6,1
234173,2020,covid,11,1
234207,2021,covid,12,1
234669,,never,0,0
234696,,never,0,0
234711,,never,0,0
234827,,never,0,1
234845,,never,0,0
234915,,never,0,0
234933,,never,0,0
234951,,never,0,0
234979,,never,0,0
235024,,never,0,1
235097,2020,covid,11,1
235103,,never,0,0
235167,2017,pre_covid,8,1
235237,,never,0,0
235316,2020,covid,11,1
235334,,never,0,0
235343,,never,0,0
235422,,never,0,0
235431,,never,0,0
235547,,never,0,0
235699,,never,0,0
235750,,never,0,0
236072,,never,0,0
236133,2021,covid,12,1
236188,,never,0,0
236230,2019,pre_covid,10,1
236258,,never,0,0
236328,2021,covid,12,1
236382,,never,0,0
236452,2020,covid,11,1
236504,,never,0,0
236513,,never,0,0
236577,2022,post,13,1
236595,2020,covid,11,1
236638,,never,0,0
236692,,never,0,0
236708,,never,0,0
236753,,never,0,0
236887,,never,0,0
236896,,never,0,1
236939,,never,0,1
236948,,never,0,1
236975,,never,0,0
237011,2020,covid,11,1
237039,,never,0,0
237057,2016,pre_covid,7,1
237066,2016,pre_covid,7,1
237109,,never,0,0
237118,2021,covid,12,1
237136,,never,0,1
237181,2020,covid,11,1
237215,2022,post,13,1
237312,2017,pre_covid,8,1
237330,2020,covid,11,1
237358,2022,post,13,1
237367,,never,0,1
237385,,never,0,1
237525,2022,post,13,1
237640,2019,pre_covid,10,1
237686,,never,0,0
237701,,never,0,0
237783,,never,0,0
237792,2021,covid,12,1
237880,,never,0,0
237899,2022,post,13,1
237905,,never,0,1
237932,2022,post,13,1
237950,2020,covid,11,1
237969,2020,covid,11,1
238032,2020,covid,11,1
238078,2021,covid,12,1
238193,,never,0,1
238263,,never,0,0
238324,2021,covid,12,1
238333,2016,pre_covid,7,1
238430,2021,covid,12,1
238458,2021,covid,12,1
238476,2016,pre_covid,7,1
238573,,never,0,0
238616,2020,covid,11,1
238661,,never,0,1
238980,,never,0,1
239017,2016,pre_covid,7,1
239071,2017,pre_covid,8,1
239080,2021,covid,12,1
239105,2020,covid,11,1
239169,,never,0,0
239309,2022,post,13,1
239318,2020,covid,11,1
239390,2020,covid,11,1
239424,,never,0,0
239512,2020,covid,11,1
239628,2017,pre_covid,8,1
239637,,never,0,0
239716,2020,covid,11,1
240107,2020,covid,11,1
240189,2020,covid,11,1
240213,,never,0,0
240268,2020,covid,11,1
240277,2020,covid,11,1
240329,2020,covid,11,1
240338,2020,covid,11,1
240365,2020,covid,11,1
240374,2020,covid,11,1
240392,,never,0,1
240417,2020,covid,11,1
240426,2020,covid,11,1
240435,,never,0,0
240444,2020,covid,11,1
240453,2020,covid,11,1
240462,2020,covid,11,1
240471,2020,covid,11,1
240480,2020,covid,11,1
240514,,never,0,0
240620,,never,0,0
240657,,never,0,0
240693,,never,0,0
240727,,never,0,1
240736,,never,0,0
240745,,never,0,0
240754,,never,0,0
240790,,never,0,0
241100,,never,0,0
241128,,never,0,0
241191,,never,0,1
241216,,never,0,0
241225,,never,0,1
241304,,never,0,0
241331,,never,0,1
241377,,never,0,0
241386,,never,0,0
241395,2022,post,13,1
241410,2022,post,13,1
241517,,never,0,0
241614,,never,0,0
241720,,never,0,0
241739,,never,0,1
241766,,never,0,0
241793,,never,0,0
241836,,never,0,0
241951,2022,post,13,1
242060,,never,0,0
242112,,never,0,0
242121,,never,0,0
242617,,never,0,1
242626,,never,0,1
242635,,never,0,1
242644,,never,0,1
242653,,never,0,1
242662,,never,0,1
242671,,never,0,0
242680,,never,0,1
242699,,never,0,1
242705,,never,0,1
242723,,never,0,0
242972,,never,0,0
243081,,never,0,1
243106,,never,0,1
243115,,never,0,1
243133,,never,0,0
243142,,never,0,1
243151,,never,0,1
243160,,never,0,0
243179,,never,0,1
243188,,never,0,1
243197,,never,0,0
243203,,never,0,0
243212,,never,0,1
243221,,never,0,1
243346,,never,0,1
243443,,never,0,0
243498,,never,0,0
243568,2022,post,13,1
243577,,never,0,0
243586,2022,post,13,1
243601,,never,0,1
243638,2022,post,8,1
243665,2017,pre_covid,8,1
243744,2021,covid,12,1
243780,2021,covid,12,1
243823,,never,0,0
243832,,never,0,1
244233,,never,0,0
245652,2017,pre_covid,8,1
245777,,never,0,0
245838,,never,0,0
245847,,never,0,0
245865,,never,0,0
245883,,never,0,0
245892,,never,0,0
245953,,never,0,0
246345,,never,0,0
246789,,never,0,1
247065,,never,0,0
247083,,never,0,0
247162,,never,0,0
247649,2017,pre_covid,8,1
247773,,never,0,0
247825,,never,0,0
247834,,never,0,0
248934,,never,0,0
251312,,never,0,1
260372,,never,0,0
260789,,never,0,0
260813,2022,post,13,1
260992,,never,0,1
262022,,never,0,0
262086,,never,0,0
262129,,never,0,1
262165,2020,covid,5,1
363712,,never,0,0
363721,,never,0,0
363907,,never,0,0
363916,,never,0,0
363934,2022,post,13,1
366003,,never,0,0
366252,,never,0,0
366340,,never,0,0
366368,,never,0,0
366553,,never,0,0
366605,,never,0,0
366711,,never,0,1
367884,,never,0,1
367954,,never,0,0
368443,,never,0,0
368452,,never,0,1
369002,,never,0,0
369516,,never,0,0
369659,,never,0,0
372073,,never,0,0
374024,,never,0,0
375230,,never,0,0
376224,,never,0,0
376321,,never,0,0
376385,,never,0,0
376695,,never,0,1
377342,,never,0,0
377546,,never,0,1
377555,2022,post,13,1
377564,,never,0,1
377661,,never,0,1
378576,,never,0,0
380359,,never,0,0
380377,,never,0,0
380438,,never,0,0
380465,,never,0,0
381352,,never,0,0
381459,,never,0,0
383020,,never,0,0
384254,,never,0,1
384306,,never,0,0
384412,,never,0,0
384421,,never,0,0
385415,,never,0,0
385619,,never,0,1
386472,,never,0,1
388520,,never,0,0
392257,,never,0,0
399869,,never,0,0
399911,2020,covid,11,1
401223,,never,0,0
401250,,never,0,0
402776,,never,0,0
404222,,never,0,0
404338,,never,0,0
404480,,never,0,0
404806,,never,0,0
404994,,never,0,0
405058,,never,0,0
405854,,never,0,0
406024,,never,0,0
406033,,never,0,0
407610,,never,0,0
407629,,never,0,0
408844,,never,0,0
409254,,never,0,0
409315,,never,0,0
409616,,never,0,0
409698,,never,0,1
412599,,never,0,0
413413,,never,0,0
413617,,never,0,0
414595,,never,0,0
414823,,never,0,1
414878,,never,0,0
414966,,never,0,0
416801,,never,0,0
417053,,never,0,0
417734,2018,pre_covid,9,1
417752,2022,post,13,1
418126,,never,0,1
420024,,never,0,0
420042,,never,0,0
420246,,never,0,0
420325,,never,0,0
420705,,never,0,0
420802,,never,0,0
421708,,never,0,0
421832,,never,0,0
421878,,never,0,0
422695,,never,0,0
423643,,never,0,0
426314,2022,post,13,1
428259,,never,0,0
428453,,never,0,0
429085,,never,0,0
429094,,never,0,0
430184,,never,0,0
430485,,never,0,0
430670,,never,0,0
430704,,never,0,0
431983,,never,0,0
432348,,never,0,0
432384,,never,0,0
433004,2022,post,7,1
433013,,never,0,0
433174,,never,0,1
433387,,never,0,0
433420,,never,0,0
433536,,never,0,1
433660,,never,0,1
434441,,never,0,0
434584,,never,0,0
434715,,never,0,0
434900,,never,0,0
434937,,never,0,0
435000,,never,0,0
436261,,never,0,0
436429,,never,0,0
436614,,never,0,0
436818,,never,0,1
436827,,never,0,1
436836,,never,0,1
437097,,never,0,0
437316,,never,0,0
437325,,never,0,0
438151,,never,0,0
438498,,never,0,0
438586,,never,0,0
438665,,never,0,0
439020,,never,0,0
439154,,never,0,0
439190,,never,0,0
439288,,never,0,1
439367,,never,0,0
439394,,never,0,0
439446,,never,0,0
439701,2020,covid,11,1
439783,,never,0,0
439817,,never,0,0
439862,,never,0,0
439871,,never,0,0
439914,,never,0,0
439969,,never,0,0
440004,,never,0,0
440031,,never,0,0
440138,,never,0,0
440396,,never,0,1
440651,,never,0,0
440749,,never,0,0
440794,,never,0,0
440828,2021,covid,6,1
440916,,never,0,0
441104,,never,0,0
441131,,never,0,0
441229,,never,0,0
441238,,never,0,0
441609,,never,0,0
441636,,never,0,0
441690,,never,0,0
441900,,never,0,1
441937,,never,0,1
441982,2020,covid,11,1
442064,,never,0,0
442161,,never,0,0
442295,,never,0,0
442356,2022,post,13,1
442392,,never,0,0
442426,,never,0,1
442569,,never,0,0
442639,,never,0,0
442806,,never,0,0
442842,,never,0,0
442930,,never,0,0
442949,,never,0,0
443030,,never,0,0
443049,,never,0,1
443058,2022,post,13,1
443076,,never,0,0
443128,,never,0,0
443331,,never,0,1
443340,,never,0,1
443410,2020,covid,11,1
443562,,never,0,0
443599,2022,post,10,1
443702,,never,0,0
443711,,never,0,0
443766,,never,0,0
443784,,never,0,0
444088,,never,0,0
444103,,never,0,0
444130,,never,0,0
444255,,never,0,0
444325,,never,0,0
444398,,never,0,0
444413,,never,0,0
444699,,never,0,0
444778,,never,0,0
444787,,never,0,0
445027,,never,0,0
445054,,never,0,0
445133,,never,0,0
445188,,never,0,1
445203,,never,0,0
445267,2022,post,7,1
445300,,never,0,0
445692,2022,post,13,1
445708,2022,post,13,1
445735,,never,0,0
445869,,never,0,0
446002,,never,0,0
446039,,never,0,0
446048,2020,covid,11,1
446224,,never,0,0
446233,,never,0,1
446385,,never,0,0
446394,,never,0,0
446525,,never,0,0
446561,,never,0,0
446604,,never,0,0
446613,,never,0,0
446640,,never,0,0
446978,,never,0,0
447014,,never,0,0
447050,,never,0,0
447263,,never,0,0
447421,,never,0,0
447458,,never,0,0
447689,,never,0,0
447698,,never,0,0
447801,,never,0,0
447953,,never,0,1
448239,,never,0,0
448336,,never,0,0
448354,,never,0,0
448381,,never,0,0
448673,,never,0,1
448691,,never,0,0
449038,,never,0,0
449135,,never,0,0
449339,,never,0,0
449348,,never,0,0
449384,,never,0,0
449481,,never,0,0
449658,,never,0,0
449764,2020,covid,11,1
449834,,never,0,1
449870,,never,0,0
449889,,never,0,0
449898,,never,0,1
449922,,never,0,0
449931,,never,0,0
450298,,never,0,0
450304,,never,0,0
450377,,never,0,0
450571,,never,0,1
450933,,never,0,0
451079,,never,0,0
451103,,never,0,0
451370,,never,0,0
451398,,never,0,0
451404,,never,0,0
451510,,never,0,0
451556,,never,0,0
451741,,never,0,0
451750,,never,0,0
451820,,never,0,0
451866,,never,0,0
451927,,never,0,1
452948,,never,0,0
453163,,never,0,0
453215,,never,0,0
454184,2020,covid,11,1
454218,,never,0,0
454227,2022,post,13,1
454236,2022,post,13,1
454245,2022,post,13,1
454582,,never,0,0
454616,,never,0,1
454689,,never,0,0
454786,,never,0,0
454829,,never,0,0
454838,,never,0,0
454856,,never,0,1
455099,,never,0,0
455178,,never,0,0
455257,,never,0,0
455406,,never,0,0
455433,,never,0,0
455664,,never,0,0
455770,2017,pre_covid,8,1
455804,,never,0,0
455813,,never,0,0
455992,,never,0,0
456481,,never,0,0
456490,,never,0,0
456542,,never,0,0
456621,,never,0,0
456959,2021,covid,12,1
457086,,never,0,0
457129,2022,post,13,1
457226,,never,0,0
457271,,never,0,0
457299,,never,0,0
457402,,never,0,0
457484,,never,0,0
457527,,never,0,0
457688,,never,0,0
457697,,never,0,0
458113,,never,0,1
458210,,never,0,1
458229,,never,0,1
458496,,never,0,1
458575,,never,0,1
458885,,never,0,0
458919,,never,0,0
458955,,never,0,0
458964,,never,0,0
458973,,never,0,0
458982,,never,0,0
459204,,never,0,0
459213,,never,0,0
459259,,never,0,1
459268,,never,0,1
459417,2017,pre_covid,6,1
459727,,never,0,1
459736,,never,0,0
459745,,never,0,0
459824,,never,0,0
459842,,never,0,1
459851,,never,0,1
459949,2022,post,6,1
459994,,never,0,0
460349,,never,0,1
460376,,never,0,0
460738,,never,0,0
460871,2022,post,11,1
460899,,never,0,0
461023,,never,0,0
461032,,never,0,0
461120,,never,0,0
461139,,never,0,0
461148,,never,0,1
461263,,never,0,0
461281,,never,0,0
461485,,never,0,0
461528,,never,0,0
461643,,never,0,0
461759,2021,covid,1,1
461795,,never,0,0
461847,,never,0,0
461883,,never,0,0
462044,,never,0,0
462354,2021,covid,8,1
463056,,never,0,1
464226,2021,covid,3,1
465812,,never,0,0
466921,2022,post,11,1
466930,2022,post,11,1
469416,,never,0,0
474863,,never,0,0
474890,,never,0,0
475033,,never,0,0
475121,,never,0,1
475200,,never,0,0
475228,,never,0,0
475237,,never,0,0
475273,,never,0,0
475398,,never,0,0
475495,,never,0,0
475608,2018,pre_covid,5,1
475635,,never,0,0
475714,,never,0,0
475732,2022,post,10,1
475741,2022,post,10,1
475839,,never,0,0
476601,,never,0,0
476692,,never,0,0
476717,,never,0,0
476975,2019,pre_covid,3,1
477039,,never,0,1
478634,,never,0,0
480073,,never,0,1
480091,,never,0,0
480198,,never,0,0
480204,,never,0,0
480499,,never,0,1
480569,,never,0,0
480657,,never,0,1
480781,,never,0,0
480790,,never,0,0
480912,,never,0,0
480985,,never,0,0
481030,,never,0,0
481058,,never,0,0
481094,,never,0,0
481225,,never,0,1
481401,,never,0,0
481410,,never,0,0
481438,,never,0,0
481535,,never,0,0
481720,,never,0,1
482149,,never,0,1
482158,2021,covid,8,1
482228,,never,0,1
482325,,never,0,0
482413,2022,post,9,1
482422,2022,post,9,1
482431,2022,post,9,1
482440,2022,post,9,1
482459,2022,post,9,1
482468,2022,post,9,1
482477,2022,post,9,1
482486,,never,0,1
482538,2022,post,9,1
482547,2022,post,9,1
482556,2022,post,9,1
482565,2022,post,9,1
482574,2022,post,9,1
482608,2022,post,9,1
482617,2022,post,9,1
482635,2022,post,9,1
482653,2022,post,9,1
482680,2020,covid,7,1
482699,,never,0,0
482705,,never,0,0
482936,,never,0,1
483018,2017,pre_covid,4,1
483036,,never,0,0
483124,,never,0,1
483221,,never,0,0
483373,,never,0,0
483595,,never,0,0
483780,,never,0,0
483975,,never,0,0
484473,,never,0,1
484613,,never,0,0
484631,,never,0,0
484668,,never,0,0
484677,,never,0,0
484710,,never,0,0
484756,,never,0,0
484835,,never,0,0
484844,,never,0,0
484862,,never,0,0
484871,,never,0,0
484905,2021,covid,7,1
485111,,never,0,0
485263,,never,0,0
485272,,never,0,1
485403,,never,0,0
485519,,never,0,0
485537,,never,0,0
485546,,never,0,0
485698,2022,post,3,1
485768,,never,0,0
485908,,never,0,0
485999,,never,0,0
486017,,never,0,0
486026,,never,0,0
486053,,never,0,1
486080,,never,0,0
486196,,never,0,0
486239,,never,0,0
486257,,never,0,0
486284,,never,0,0
486354,,never,0,0
486433,,never,0,0
486460,,never,0,0
486488,,never,0,0
486840,,never,0,1
486901,2022,post,7,1
486938,2022,post,7,1
486947,2022,post,7,1
486956,2022,post,7,1
486965,,never,0,1
487010,,never,0,0
487153,,never,0,0
487296,,never,0,0
487375,,never,0,0
487524,2022,post,7,1
487603,,never,0,0
487649,,never,0,0
487746,,never,0,0
487861,,never,0,0
487995,,never,0,0
488004,,never,0,0
488031,,never,0,0
488068,,never,0,0
488101,,never,0,0
488305,,never,0,0
488314,,never,0,0
488350,,never,0,0
488387,,never,0,0
488448,,never,0,0
488527,,never,0,0
488554,,never,0,0
488572,,never,0,0
488679,,never,0,0
488776,,never,0,0
488785,,never,0,1
488800,,never,0,0
488846,,never,0,0
488907,,never,0,0
489335,,never,0,0
489344,2022,post,6,1
489353,2022,post,6,1
489779,,never,0,0
489858,,never,0,0
489937,,never,0,1
490045,,never,0,0
490054,,never,0,0
490063,,never,0,0
490081,,never,0,0
490106,,never,0,0
490124,,never,0,0
490133,,never,0,1
490230,,never,0,0
490276,,never,0,0
490319,,never,0,0
490328,,never,0,0
490373,,never,0,0
490504,,never,0,0
490513,,never,0,0
490601,,never,0,0
490753,,never,0,0
490805,2020,covid,3,1
490878,,never,0,0
491057,,never,0,0
491190,,never,0,0
491288,2021,covid,3,1
491297,2021,covid,3,1
491525,2022,post,4,1
491613,,never,0,0
491622,,never,0,0
491631,,never,0,0
491640,,never,0,0
491710,,never,0,0
491765,,never,0,0
491808,,never,0,0
491914,,never,0,0
492069,,never,0,0
492087,,never,0,0
492209,,never,0,0
492263,,never,0,0
492476,,never,0,0
492607,,never,0,0
492689,,never,0,0
492704,,never,0,0
492759,2022,post,4,1
492801,,never,0,0
492962,,never,0,0
493363,,never,0,0
493512,,never,0,0
493594,,never,0,0
493600,,never,0,0
493664,,never,0,0
493673,,never,0,0
493707,,never,0,0
493716,,never,0,0
493725,,never,0,0
493822,,never,0,0
493895,,never,0,0
493947,,never,0,0
494010,,never,0,0
494162,,never,0,0
494171,,never,0,0
494269,,never,0,0
494278,,never,0,0
494287,,never,0,0
494551,,never,0,0
494597,,never,0,0
494603,,never,0,0
494621,,never,0,0
494630,,never,0,0
494685,,never,0,1
494737,,never,0,0
494746,,never,0,0
494807,2021,covid,2,1
494940,,never,0,0
495031,,never,0,0
495059,,never,0,0
495192,,never,0,0
495280,,never,0,0
495314,,never,0,0
495420,,never,0,0
495439,,never,0,0
495448,,never,0,0
495457,,never,0,0
495767,2021,covid,1,1
495916,,never,0,1
496043,,never,0,0
496070,,never,0,0
496283,,never,0,0
496326,,never,0,0
496469,,never,0,0
496627,,never,0,0
496636,,never,0,0
496681,,never,0,0
496706,,never,0,0
496803,,never,0,0
496973,,never,0,0
496991,,never,0,0
497000,,never,0,0
497037,,never,0,0
497116,,never,0,0
497125,,never,0,0
497213,,never,0,1
497268,,never,0,0
